Mode: DRY-RUN | Markup: 100% | Strategy: min

Authenticating with Medusa Admin...
✓ Authenticated
Authenticating with CJ API...
✓ CJ token acquired

Fetching up to 850 products with CJ metadata...
  Fetched 50 products from Medusa...  Fetched 100 products from Medusa...  Fetched 150 products from Medusa...  Fetched 200 products from Medusa...  Fetched 250 products from Medusa...  Fetched 300 products from Medusa...  Fetched 350 products from Medusa...  Fetched 400 products from Medusa...  Fetched 450 products from Medusa...  Fetched 500 products from Medusa...  Fetched 550 products from Medusa...  Fetched 600 products from Medusa...  Fetched 650 products from Medusa...  Fetched 700 products from Medusa...  Fetched 750 products from Medusa...  Fetched 800 products from Medusa...Found 803 products

  [1/803] Crystal Glass LED Pendant Light - Post-Modern Design...
════════════════════════════════════════════════════════════════════════
  Crystal Glass LED Pendant Light - Post-Modern Design
════════════════════════════════════════════════════════════════════════
  Medusa ID:            prod_01KF76ARFB4YX52H6PJ9TWWWQV
  CJ SKU:               CJHD1085959
  Markup:               100%
  Pricing strategy:     min (for multi-match CJ variants)
  Shared dimensions:    finish
  CJ-only dimensions:   lightType
  Storefront variants:  12
  CJ variants:          12
  Matched:              0
  Unmatched:            12
  To update:            0
  Already correct:      0

  ── CJ Variant Tiers ──
    $28.67    → lightType=neutral
    $28.67    → lightType=neutral
    $30.27    → lightType=neutral
    $30.27    → lightType=neutral
    $31.88    → lightType=neutral
    $31.88    → lightType=neutral
    $11.44    → finish=black, lightType=neutral
    $11.44    → finish=black, lightType=warm light
    $11.44    → finish=black
    $9.46     → finish=black, lightType=neutral
    $9.46     → finish=black, lightType=warm light
    $9.46     → finish=black

  ⚠ Unmatched Variants (12):
    Gold / 111V / 3 Lights — voltage=111, finish=gold, heads=3
    Gold / 111V / 6 Lights — heads=6, voltage=111, finish=gold
    Gold / 111V / 1 Light — heads=1, voltage=111, finish=gold
    Gold / 240V / 3 Lights — voltage=240, finish=gold, heads=3
    Gold / 240V / 6 Lights — heads=6, voltage=240, finish=gold
    Gold / 240V / 1 Light — heads=1, voltage=240, finish=gold
    Bronze / 111V / 3 Lights — voltage=111, heads=3, finish=bronze
    Bronze / 111V / 6 Lights — heads=6, voltage=111, finish=bronze
    Bronze / 111V / 1 Light — heads=1, voltage=111, finish=bronze
    Bronze / 240V / 3 Lights — voltage=240, heads=3, finish=bronze
    ... and 2 more
  [2/803] Villa Duplex Large Crystal Chandelier for Living Room...
════════════════════════════════════════════════════════════════════════
  Villa Duplex Large Crystal Chandelier for Living Room
════════════════════════════════════════════════════════════════════════
  Medusa ID:            prod_01KF76ARTQQHYVGFW00MPSJAMW
  CJ SKU:               CJSN1587842
  Markup:               100%
  Pricing strategy:     min (for multi-match CJ variants)
  Shared dimensions:    heads, finish
  CJ-only dimensions:   lightType
  Storefront variants:  48
  CJ variants:          16
  Matched:              48
  Unmatched:            0
  To update:            0
  Already correct:      48

  ── CJ Variant Tiers ──
    $86.81    → heads=7, finish=gold, lightType=warm light
    $108.51   → heads=7, finish=gold, lightType=stepless dimming
    $144.40   → heads=11, finish=gold, lightType=warm light
    $159.43   → heads=11, finish=gold, lightType=stepless dimming
    $227.04   → heads=17, finish=gold, lightType=warm light
    $242.06   → heads=17, finish=gold, lightType=stepless dimming
    $308.83   → heads=23, finish=gold, lightType=warm light
    $325.53   → heads=23, finish=gold, lightType=stepless dimming
    $86.81    → heads=7, finish=black, lightType=warm light
    $108.51   → heads=7, finish=black, lightType=stepless dimming
    $144.40   → heads=11, finish=black, lightType=warm light
    $159.43   → heads=11, finish=black, lightType=stepless dimming
    $227.04   → heads=17, finish=black, lightType=warm light
    $242.06   → heads=17, finish=black, lightType=stepless dimming
    $308.83   → heads=23, finish=black, lightType=warm light
    $325.53   → heads=23, finish=black, lightType=stepless dimming
  [3/803] Nordic Minimalist LED Wall Sconce Light...
════════════════════════════════════════════════════════════════════════
  Nordic Minimalist LED Wall Sconce Light
════════════════════════════════════════════════════════════════════════
  Medusa ID:            prod_01KF76AWCX76RKY4ZR8XJCPZAM
  CJ SKU:               CJTH1587350
  Markup:               100%
  Pricing strategy:     min (for multi-match CJ variants)
  Shared dimensions:    finish, sizeCm
  CJ-only dimensions:   lightType
  Storefront variants:  16
  CJ variants:          19
  Matched:              4
  Unmatched:            12
  To update:            4
  Already correct:      0

  ── CJ Variant Tiers ──
    $6.27     → finish=black, sizeCm=50
    $6.81     → finish=gold, sizeCm=50
    $7.53     → finish=black, sizeCm=65
    $8.06     → finish=gold, sizeCm=65
    $6.27     → sizeCm=50
    $6.81     → finish=gold, sizeCm=50
    $7.53     → finish=black, sizeCm=65
    $8.06     → finish=gold, sizeCm=65
    $12.48    → finish=black, sizeCm=48
    $7.63     → finish=black, sizeCm=48
    $12.48    → finish=gold, sizeCm=48
    $8.62     → finish=gold, sizeCm=48
    $15.26    → 
    $3.86     → finish=black, sizeCm=48
    $3.69     → finish=black, lightType=warm light, sizeCm=48
    $3.69     → finish=black, sizeCm=48
    $3.69     → finish=gold, sizeCm=48
    $3.69     → finish=gold, lightType=warm light, sizeCm=48
    $3.69     → finish=gold, sizeCm=48

  ── Planned Price Changes (4) ──
  Title                                      Current    CJ Cost    New        Delta
  ─────────────────────────────────────────────────────────────────────────────────────
  50cm / Black                               $7.38      $6.27      $12.54     +$5.16
  50cm / Gold                                $7.38      $6.81      $13.62     +$6.24
  65cm / Black                               $7.38      $7.53      $15.06     +$7.68
  65cm / Gold                                $7.38      $8.06      $16.12     +$8.74

  ⚠ Unmatched Variants (12):
    50cm / 50cm right gold — sizeCm=50, finish=50cm right gold
    50cm / 65cm right black — sizeCm=50, finish=65cm right black
    50cm / 65cm right gold — sizeCm=50, finish=65cm right gold
    50cm / 50cm left black — finish=50cm left black, sizeCm=50
    50cm / 50cm left gold — finish=50cm left gold, sizeCm=50
    50cm / 65cm left black — finish=65cm left black, sizeCm=50
    65cm / 50cm right gold — sizeCm=65, finish=50cm right gold
    65cm / 65cm right black — sizeCm=65, finish=65cm right black
    65cm / 65cm right gold — sizeCm=65, finish=65cm right gold
    65cm / 50cm left black — sizeCm=65, finish=50cm left black
    ... and 2 more
  [4/803] Smart Modern Chandelier for Living & Dining Rooms...
════════════════════════════════════════════════════════════════════════
  Smart Modern Chandelier for Living & Dining Rooms
════════════════════════════════════════════════════════════════════════
  Medusa ID:            prod_01KF76E30VMYWMR8DWXYDEB7N6
  CJ SKU:               CJSN1637963
  Markup:               100%
  Pricing strategy:     min (for multi-match CJ variants)
  Shared dimensions:    finish, sizeCm
  CJ-only dimensions:   wattage
  Storefront variants:  20
  CJ variants:          16
  Matched:              2
  Unmatched:            18
  To update:            1
  Already correct:      1

  ── CJ Variant Tiers ──
    $31.30    → finish=gold, sizeCm=60, wattage=54
    $34.20    → finish=gold, sizeCm=60, wattage=54
    $37.26    → finish=gold, sizeCm=60, wattage=54
    $38.88    → finish=gold, sizeCm=60, wattage=54
    $37.59    → finish=gold, sizeCm=60, wattage=64
    $44.03    → finish=gold, sizeCm=60, wattage=64
    $47.26    → finish=gold, sizeCm=60, wattage=64
    $48.87    → finish=gold, sizeCm=60, wattage=64
    $52.91    → finish=gold, sizeCm=80, wattage=96
    $57.26    → finish=gold, sizeCm=80, wattage=96
    $60.97    → finish=gold, sizeCm=80, wattage=96
    $62.58    → finish=gold, sizeCm=80, wattage=96
    $61.46    → finish=gold, sizeCm=80, wattage=108
    $65.33    → finish=gold, sizeCm=80, wattage=108
    $69.20    → finish=gold, sizeCm=80, wattage=108
    $70.81    → finish=gold, sizeCm=80, wattage=108

  ── Planned Price Changes (1) ──
  Title                                      Current    CJ Cost    New        Delta
  ─────────────────────────────────────────────────────────────────────────────────────
  80cm / Gold                                $62.60     $52.91     $105.82    +$43.22

  ⚠ Unmatched Variants (18):
    60cm / Of the item — finish=of the item, sizeCm=60
    60cm / Gold -54w-40+60cm — finish=gold -54w-40+60cm, sizeCm=60
    60cm / Gold -64w-20+40+60cm — finish=gold -64w-20+40+60cm, sizeCm=60
    60cm / Gold -96w-40+60+80cm — finish=gold -96w-40+60+80cm, sizeCm=60
    60cm / Three-color changing light — finish=three-color changing light, sizeCm=60
    60cm / Tmall genie driver — finish=tmall genie driver, sizeCm=60
    60cm / Bedroom — sizeCm=60, finish=bedroom
    60cm / Study — finish=study, sizeCm=60
    60cm / White — finish=white, sizeCm=60
    80cm / Of the item — finish=of the item, sizeCm=80
    ... and 8 more
  [5/803] Modern LED Balcony Ceiling Chandelier...
════════════════════════════════════════════════════════════════════════
  Modern LED Balcony Ceiling Chandelier
════════════════════════════════════════════════════════════════════════
  Medusa ID:            prod_01KF76E3MJJG3Q90SQXTSNE7K9
  CJ SKU:               CJJT1469334
  Markup:               100%
  Pricing strategy:     min (for multi-match CJ variants)
  Shared dimensions:    finish
  CJ-only dimensions:   sizeCm, lightType
  Storefront variants:  3
  CJ variants:          3
  Matched:              2
  Unmatched:            1
  To update:            1
  Already correct:      1

  ── CJ Variant Tiers ──
    $11.08    → finish=white, sizeCm=20
    $11.08    → lightType=warm light, sizeCm=20
    $14.48    → finish=gold, sizeCm=20

  ── Planned Price Changes (1) ──
  Title                                      Current    CJ Cost    New        Delta
  ─────────────────────────────────────────────────────────────────────────────────────
  Gold                                       $22.16     $14.48     $28.96     +$6.80

  ⚠ Unmatched Variants (1):
    Golden — finish=golden
  [6/803] Modern Artistic Study Chandelier for Creative Spaces...
════════════════════════════════════════════════════════════════════════
  Modern Artistic Study Chandelier for Creative Spaces
════════════════════════════════════════════════════════════════════════
  Medusa ID:            prod_01KF76E3QDW0VXTXKZB1SHS29B
  CJ SKU:               CJJT1484543
  Markup:               100%
  Pricing strategy:     min (for multi-match CJ variants)
  Shared dimensions:    finish
  CJ-only dimensions:   lightType, sizeCm
  Storefront variants:  10
  CJ variants:          2
  Matched:              0
  Unmatched:            10
  To update:            0
  Already correct:      0

  ── CJ Variant Tiers ──
    $36.28    → lightType=warm light, sizeCm=40
    $36.28    → finish=white, sizeCm=40

  ⚠ Unmatched Variants (10):
    Living room — finish=living room
    Bedroom — finish=bedroom
    Study — finish=study
    Corridor — finish=corridor
    Courtyard — finish=courtyard
    Dining room — finish=dining room
    Kitchen — finish=kitchen
    Bathroom — finish=bathroom
    Porch — finish=porch
    Balcony — finish=balcony
  [7/803] Industrial Wrought Iron Pendant Light for Restaurant Bar...
════════════════════════════════════════════════════════════════════════
  Industrial Wrought Iron Pendant Light for Restaurant Bar
════════════════════════════════════════════════════════════════════════
  Medusa ID:            prod_01KF76EAP6YH7Z3NM6TJB1HEJX
  CJ SKU:               CJSN1330614
  Markup:               100%
  Pricing strategy:     min (for multi-match CJ variants)
  Shared dimensions:    none
  CJ-only dimensions:   none
  Storefront variants:  3
  CJ variants:          5
  Matched:              3
  Unmatched:            0
  To update:            0
  Already correct:      3

  ── CJ Variant Tiers ──
    $23.03    → 
    $13.04    → 
    $8.69     → 
    $8.41     → 
    $8.41     → 
  [8/803] Industrial Wire Mesh Pendant Light - Vintage Design...
════════════════════════════════════════════════════════════════════════
  Industrial Wire Mesh Pendant Light - Vintage Design
════════════════════════════════════════════════════════════════════════
  Medusa ID:            prod_01KF76EAR5B21GBG9N8CYGBT9M
  CJ SKU:               CJJT1543973
  Markup:               100%
  Pricing strategy:     min (for multi-match CJ variants)
  Shared dimensions:    none
  CJ-only dimensions:   none
  Storefront variants:  20
  CJ variants:          3
  Matched:              20
  Unmatched:            0
  To update:            0
  Already correct:      20

  ── CJ Variant Tiers ──
    $7.42     → 
    $8.24     → 
    $8.24     → 
  [9/803] Rustic Wood Glass Pendant Light - Modern Industrial Design...
════════════════════════════════════════════════════════════════════════
  Rustic Wood Glass Pendant Light - Modern Industrial Design
════════════════════════════════════════════════════════════════════════
  Medusa ID:            prod_01KF76EBG0PMKHHZAQX06PDYVA
  CJ SKU:               CJJZSNTH00008
  Markup:               100%
  Pricing strategy:     min (for multi-match CJ variants)
  Shared dimensions:    none
  CJ-only dimensions:   none
  Storefront variants:  3
  CJ variants:          7
  Matched:              3
  Unmatched:            0
  To update:            0
  Already correct:      3

  ── CJ Variant Tiers ──
    $16.67    → 
    $14.81    → 
    $10.74    → 
    $38.07    → 
    $14.52    → 
    $15.43    → 
    $14.29    → 
  [10/803] Nordic LED Restaurant Pendant Light - Creative Design...
════════════════════════════════════════════════════════════════════════
  Nordic LED Restaurant Pendant Light - Creative Design
════════════════════════════════════════════════════════════════════════
  Medusa ID:            prod_01KF76EBHPEY5GXEYVY7H1RZJ8
  CJ SKU:               CJJT1579383
  Markup:               100%
  Pricing strategy:     min (for multi-match CJ variants)
  Shared dimensions:    none
  CJ-only dimensions:   finish, lightType
  Storefront variants:  4
  CJ variants:          6
  Matched:              4
  Unmatched:            0
  To update:            0
  Already correct:      4

  ── CJ Variant Tiers ──
    $9.36     → 
    $7.74     → finish=white
    $7.74     → lightType=warm light
    $9.36     → 
    $7.74     → finish=white
    $7.74     → lightType=warm light
  [11/803] Vintage Copper Pendant Light - Modern Industrial Style...
════════════════════════════════════════════════════════════════════════
  Vintage Copper Pendant Light - Modern Industrial Style
════════════════════════════════════════════════════════════════════════
  Medusa ID:            prod_01KF76EBMA5N35435G0PQK8WJR
  CJ SKU:               CJSN1581757
  Markup:               100%
  Pricing strategy:     min (for multi-match CJ variants)
  Shared dimensions:    none
  CJ-only dimensions:   finish, sizeCm
  Storefront variants:  2
  CJ variants:          3
  Matched:              2
  Unmatched:            0
  To update:            0
  Already correct:      2

  ── CJ Variant Tiers ──
    $146.91   → finish=copper, sizeCm=13
    $297.10   → finish=copper, sizeCm=13
    $430.75   → finish=copper, sizeCm=13
  [12/803] Nordic Modern Wall Sconce for Hallways & Porches...
════════════════════════════════════════════════════════════════════════
  Nordic Modern Wall Sconce for Hallways & Porches
════════════════════════════════════════════════════════════════════════
  Medusa ID:            prod_01KF76EH0ZKAW4DN331V58SFNH
  CJ SKU:               CJSN1385089
  Markup:               100%
  Pricing strategy:     min (for multi-match CJ variants)
  Shared dimensions:    none
  CJ-only dimensions:   none
  Storefront variants:  12
  CJ variants:          4
  Matched:              12
  Unmatched:            0
  To update:            0
  Already correct:      12

  ── CJ Variant Tiers ──
    $9.45     → 
    $9.45     → 
    $8.67     → 
    $8.67     → 
  [13/803] Modern Wooden LED Wall Sconce with Adjustable Light Bar...
════════════════════════════════════════════════════════════════════════
  Modern Wooden LED Wall Sconce with Adjustable Light Bar
════════════════════════════════════════════════════════════════════════
  Medusa ID:            prod_01KF76EHAYGN5TE4NJMTCN78J6
  CJ SKU:               CJSN1139286
  Markup:               100%
  Pricing strategy:     min (for multi-match CJ variants)
  Shared dimensions:    none
  CJ-only dimensions:   none
  Storefront variants:  36
  CJ variants:          12
  Matched:              36
  Unmatched:            0
  To update:            0
  Already correct:      36

  ── CJ Variant Tiers ──
    $10.93    → 
    $10.93    → 
    $10.93    → 
    $10.93    → 
    $13.16    → 
    $13.16    → 
    $13.16    → 
    $13.16    → 
    $10.93    → 
    $10.93    → 
    $13.16    → 
    $13.16    → 
  [14/803] Modern Minimalist Single-Head Ceiling Light...
════════════════════════════════════════════════════════════════════════
  Modern Minimalist Single-Head Ceiling Light
════════════════════════════════════════════════════════════════════════
  Medusa ID:            prod_01KF76EYPNPZS396SN4A1NVJDB
  CJ SKU:               CJJT1547430
  Markup:               100%
  Pricing strategy:     min (for multi-match CJ variants)
  Shared dimensions:    sizeCm
  CJ-only dimensions:   none
  Storefront variants:  20
  CJ variants:          5
  Matched:              16
  Unmatched:            4
  To update:            12
  Already correct:      4

  ── CJ Variant Tiers ──
    $21.10    → sizeCm=19
    $24.56    → sizeCm=20
    $24.07    → sizeCm=17
    $26.71    → sizeCm=5
    $23.41    → sizeCm=21

  ── Planned Price Changes (12) ──
  Title                                      Current    CJ Cost    New        Delta
  ─────────────────────────────────────────────────────────────────────────────────────
  20cm / 3152 ceiling light 19cm             $42.20     $24.56     $49.12     +$6.92
  20cm / 6516 ceiling light 20cm             $42.20     $24.56     $49.12     +$6.92
  20cm / 6563 ceiling light 17cm             $42.20     $24.56     $49.12     +$6.92
  20cm / 7517 ceiling light 21               $42.20     $24.56     $49.12     +$6.92
  17cm / 3152 ceiling light 19cm             $42.20     $24.07     $48.14     +$5.94
  17cm / 6516 ceiling light 20cm             $42.20     $24.07     $48.14     +$5.94
  17cm / 6563 ceiling light 17cm             $42.20     $24.07     $48.14     +$5.94
  17cm / 7517 ceiling light 21               $42.20     $24.07     $48.14     +$5.94
  21cm / 3152 ceiling light 19cm             $42.20     $23.41     $46.82     +$4.62
  21cm / 6516 ceiling light 20cm             $42.20     $23.41     $46.82     +$4.62
  21cm / 6563 ceiling light 17cm             $42.20     $23.41     $46.82     +$4.62
  21cm / 7517 ceiling light 21               $42.20     $23.41     $46.82     +$4.62

  ⚠ Unmatched Variants (4):
    22cm / 3152 ceiling light 19cm — finish=3152 ceiling light 19cm, sizeCm=22
    22cm / 6516 ceiling light 20cm — finish=6516 ceiling light 20cm, sizeCm=22
    22cm / 6563 ceiling light 17cm — sizeCm=22, finish=6563 ceiling light 17cm
    22cm / 7517 ceiling light 21 — finish=7517 ceiling light 21, sizeCm=22
  [15/803] Industrial Spider Ceiling Light - Vintage Wrought Iron Fixture...
════════════════════════════════════════════════════════════════════════
  Industrial Spider Ceiling Light - Vintage Wrought Iron Fixture
════════════════════════════════════════════════════════════════════════
  Medusa ID:            prod_01KF76EZBH3QJQ5HGT3KD9NSW5
  CJ SKU:               CJJZSNTH00012
  Markup:               100%
  Pricing strategy:     min (for multi-match CJ variants)
  Shared dimensions:    heads, finish
  CJ-only dimensions:   none
  Storefront variants:  9
  CJ variants:          3
  Matched:              3
  Unmatched:            6
  To update:            2
  Already correct:      1

  ── CJ Variant Tiers ──
    $8.24     → heads=6, finish=black
    $10.98    → heads=8, finish=black
    $5.49     → heads=4, finish=black

  ── Planned Price Changes (2) ──
  Title                                      Current    CJ Cost    New        Delta
  ─────────────────────────────────────────────────────────────────────────────────────
  Black / 6 Lights                           $10.98     $8.24      $16.48     +$5.50
  Black / 8 Lights                           $10.98     $10.98     $21.96     +$10.98

  ⚠ Unmatched Variants (6):
    4 heads (black) / 4 Lights — finish=4 heads (black), heads=4
    4 heads (black) / 6 Lights — finish=4 heads (black), heads=6
    4 heads (black) / 8 Lights — finish=4 heads (black), heads=8
    6 heads (black) / 4 Lights — heads=4, finish=6 heads (black)
    6 heads (black) / 6 Lights — heads=6, finish=6 heads (black)
    6 heads (black) / 8 Lights — heads=8, finish=6 heads (black)
  [16/803] Modern Corridor Ceiling Light for Hallways & Balconies...
════════════════════════════════════════════════════════════════════════
  Modern Corridor Ceiling Light for Hallways & Balconies
════════════════════════════════════════════════════════════════════════
  Medusa ID:            prod_01KF76EZEH0DBE6M3R0GE6S5D4
  CJ SKU:               CJJZSNTH00056
  Markup:               100%
  Pricing strategy:     min (for multi-match CJ variants)
  Shared dimensions:    finish, sizeCm
  CJ-only dimensions:   lightType
  Storefront variants:  12
  CJ variants:          4
  Matched:              2
  Unmatched:            10
  To update:            1
  Already correct:      1

  ── CJ Variant Tiers ──
    $8.52     → finish=white, sizeCm=25
    $8.52     → lightType=warm light, sizeCm=25
    $10.22    → finish=white, sizeCm=35
    $10.22    → lightType=warm light, sizeCm=35

  ── Planned Price Changes (1) ──
  Title                                      Current    CJ Cost    New        Delta
  ─────────────────────────────────────────────────────────────────────────────────────
  35cm / White                               $17.04     $10.22     $20.44     +$3.40

  ⚠ Unmatched Variants (10):
    25cm / 25cm — finish=25cm, sizeCm=25
    25cm / Surface style — finish=surface style, sizeCm=25
    25cm / 35cm — sizeCm=25, finish=35cm
    25cm / Bathroom — finish=bathroom, sizeCm=25
    25cm / Children's room — finish=children's room, sizeCm=25
    35cm / 25cm — sizeCm=35, finish=25cm
    35cm / Surface style — sizeCm=35, finish=surface style
    35cm / 35cm — sizeCm=35, finish=35cm
    35cm / Bathroom — sizeCm=35, finish=bathroom
    35cm / Children's room — sizeCm=35, finish=children's room
  [17/803] Modern Adjustable Bedside Table Lamp...
════════════════════════════════════════════════════════════════════════
  Modern Adjustable Bedside Table Lamp
════════════════════════════════════════════════════════════════════════
  Medusa ID:            prod_01KF76F4WM62KKRTAZEV3A71Y4
  CJ SKU:               CJJJJTJT40731
  Markup:               100%
  Pricing strategy:     min (for multi-match CJ variants)
  Shared dimensions:    finish
  CJ-only dimensions:   none
  Storefront variants:  8
  CJ variants:          12
  Matched:              4
  Unmatched:            4
  To update:            0
  Already correct:      4

  ── CJ Variant Tiers ──
    $9.52     → 
    $9.52     → finish=black
    $9.52     → 
    $9.52     → finish=white
    $9.52     → 
    $9.52     → 
    $9.52     → finish=white
    $9.52     → finish=black
    $9.52     → finish=black
    $9.52     → 
    $9.52     → finish=white
    $9.52     → 

  ⚠ Unmatched Variants (4):
    Gold / 110V — finish=gold, voltage=110
    Gold / 220V — finish=gold, voltage=220
    Silver / 110V — finish=silver, voltage=110
    Silver / 220V — voltage=220, finish=silver
  [18/803] Industrial Water Pipe Table Lamp...
════════════════════════════════════════════════════════════════════════
  Industrial Water Pipe Table Lamp
════════════════════════════════════════════════════════════════════════
  Medusa ID:            prod_01KF76F52QYXT9W82Q1Z1KRCEA
  CJ SKU:               CJJZSNSN00526
  Markup:               100%
  Pricing strategy:     min (for multi-match CJ variants)
  Shared dimensions:    none
  CJ-only dimensions:   none
  Storefront variants:  4
  CJ variants:          4
  Matched:              4
  Unmatched:            0
  To update:            0
  Already correct:      4

  ── CJ Variant Tiers ──
    $6.74     → 
    $5.59     → 
    $5.59     → 
    $6.74     → 
  [19/803] Nordic Style Minimalist Floor Lamp for Living Room...
════════════════════════════════════════════════════════════════════════
  Nordic Style Minimalist Floor Lamp for Living Room
════════════════════════════════════════════════════════════════════════
  Medusa ID:            prod_01KF76F56F9D2JD3V53R6FMS2B
  CJ SKU:               CJJT1539443
  Markup:               100%
  Pricing strategy:     min (for multi-match CJ variants)
  Shared dimensions:    none
  CJ-only dimensions:   none
  Storefront variants:  20
  CJ variants:          6
  Matched:              20
  Unmatched:            0
  To update:            0
  Already correct:      20

  ── CJ Variant Tiers ──
    $29.35    → 
    $29.35    → 
    $11.87    → 
    $12.36    → 
    $30.66    → 
    $29.35    → 
  [20/803] Rattan Ball String Lights - Outdoor LED Tree Lanterns...
════════════════════════════════════════════════════════════════════════
  Rattan Ball String Lights - Outdoor LED Tree Lanterns
════════════════════════════════════════════════════════════════════════
  Medusa ID:            prod_01KF76FAXSE32YBZF9ZS7EHVHM
  CJ SKU:               CJSN1230496
  Markup:               100%
  Pricing strategy:     min (for multi-match CJ variants)
  Shared dimensions:    finish, sizeCm
  CJ-only dimensions:   lightType
  Storefront variants:  24
  CJ variants:          5
  Matched:              2
  Unmatched:            22
  To update:            2
  Already correct:      0

  ── CJ Variant Tiers ──
    $2.75     → finish=white, lightType=warm light, sizeCm=20
    $4.12     → finish=white, lightType=warm light, sizeCm=30
    $5.93     → finish=white, sizeCm=20
    $4.12     → finish=white, sizeCm=30
    $1.74     → sizeCm=20

  ── Planned Price Changes (2) ──
  Title                                      Current    CJ Cost    New        Delta
  ─────────────────────────────────────────────────────────────────────────────────────
  20cm / White                               $3.48      $2.75      $5.50      +$2.02
  30cm / White                               $3.48      $4.12      $8.24      +$4.76

  ⚠ Unmatched Variants (22):
    20cm / Warm white — sizeCm=20, finish=warm white
    20cm / 30cm—high-bright sepak takraw — sizeCm=20, finish=30cm—high-bright sepak takraw
    20cm / 40cm—high-bright sepak takraw — sizeCm=20, finish=40cm—high-bright sepak takraw
    20cm / Landscape decoration — finish=landscape decoration, sizeCm=20
    20cm / Tree decoration — finish=tree decoration, sizeCm=20
    30cm / Warm white — sizeCm=30, finish=warm white
    30cm / 30cm—high-bright sepak takraw — sizeCm=30, finish=30cm—high-bright sepak takraw
    30cm / 40cm—high-bright sepak takraw — sizeCm=30, finish=40cm—high-bright sepak takraw
    30cm / Landscape decoration — finish=landscape decoration, sizeCm=30
    30cm / Tree decoration — finish=tree decoration, sizeCm=30
    ... and 12 more
  [21/803] Solar LED Garden Wall Light - Up Down Dual Beam Design...
════════════════════════════════════════════════════════════════════════
  Solar LED Garden Wall Light - Up Down Dual Beam Design
════════════════════════════════════════════════════════════════════════
  Medusa ID:            prod_01KF76FBXDENVVHPTZWNEGGNP3
  CJ SKU:               CJSN1542739
  Markup:               100%
  Pricing strategy:     min (for multi-match CJ variants)
  Shared dimensions:    finish
  CJ-only dimensions:   lightType
  Storefront variants:  5
  CJ variants:          24
  Matched:              1
  Unmatched:            4
  To update:            0
  Already correct:      1

  ── CJ Variant Tiers ──
    $3.21     → finish=white, lightType=warm light
    $6.35     → finish=white, lightType=warm light
    $12.69    → finish=white, lightType=warm light
    $3.21     → finish=white
    $6.35     → finish=white
    $12.69    → finish=white
    $3.42     → finish=white, lightType=warm light
    $13.54    → finish=white, lightType=warm light
    $3.42     → finish=white, lightType=warm light
    $3.42     → finish=white
    $13.54    → finish=white
    $3.42     → finish=white
    $3.64     → finish=white, lightType=warm light
    $7.20     → finish=white, lightType=warm light
    $3.64     → finish=white, lightType=warm light
    $3.64     → finish=white
    $7.20     → finish=white
    $14.41    → finish=white
    $5.27     → finish=white, lightType=warm light
    $10.54    → finish=white, lightType=warm light
    $21.09    → finish=white, lightType=warm light
    $5.27     → finish=white
    $10.54    → finish=white
    $21.09    → finish=white

  ⚠ Unmatched Variants (4):
    White light — finish=white light
    Park — finish=park
    Garden decorative lighting — finish=garden decorative lighting
    Black — finish=black
  [22/803] Solar LED Stair Light - Anti-Theft Waterproof Design...
════════════════════════════════════════════════════════════════════════
  Solar LED Stair Light - Anti-Theft Waterproof Design
════════════════════════════════════════════════════════════════════════
  Medusa ID:            prod_01KF76FC0PTJSY0S3SNMMFX2CN
  CJ SKU:               CJJT1555945
  Markup:               100%
  Pricing strategy:     min (for multi-match CJ variants)
  Shared dimensions:    finish
  CJ-only dimensions:   lightType, wattage
  Storefront variants:  5
  CJ variants:          12
  Matched:              1
  Unmatched:            4
  To update:            0
  Already correct:      1

  ── CJ Variant Tiers ──
    $7.17     → finish=white, lightType=warm light, wattage=8
    $7.17     → finish=white, wattage=8
    $14.32    → finish=white, lightType=warm light, wattage=8
    $21.51    → finish=white, lightType=warm light, wattage=8
    $28.68    → finish=white, lightType=warm light, wattage=8
    $35.85    → finish=white, lightType=warm light, wattage=8
    $14.32    → finish=white, wattage=8
    $21.51    → finish=white, wattage=8
    $28.68    → finish=white, wattage=8
    $35.85    → finish=white, wattage=8
    $96.79    → finish=white, lightType=warm light, wattage=8
    $96.79    → finish=white, wattage=8

  ⚠ Unmatched Variants (4):
    W) power factor: 1 — finish=w) power factor: 1
    Drying table — finish=drying table
    Garden power: 0 — finish=garden power: 0
    Warm white — finish=warm white
  [23/803] LED Star String Lights - Full Sky Decorative Display...
════════════════════════════════════════════════════════════════════════
  LED Star String Lights - Full Sky Decorative Display
════════════════════════════════════════════════════════════════════════
  Medusa ID:            prod_01KF76FHPV36VP5EQZST9NCX3P
  CJ SKU:               CJSN1577607
  Markup:               100%
  Pricing strategy:     min (for multi-match CJ variants)
  Shared dimensions:    finish
  CJ-only dimensions:   lightType
  Storefront variants:  3
  CJ variants:          24
  Matched:              1
  Unmatched:            2
  To update:            0
  Already correct:      1

  ── CJ Variant Tiers ──
    $4.46     → finish=white, lightType=warm light
    $5.66     → finish=white, lightType=warm light
    $6.74     → finish=white, lightType=warm light
    $7.63     → finish=white, lightType=warm light
    $4.46     → finish=white
    $5.66     → finish=white
    $6.74     → finish=white
    $7.63     → finish=white
    $4.46     → 
    $5.66     → 
    $6.74     → 
    $7.63     → 
    $5.66     → 
    $6.74     → 
    $7.63     → 
    $4.46     → 
    $5.66     → finish=white, lightType=warm light
    $6.74     → finish=white, lightType=warm light
    $7.63     → finish=white, lightType=warm light
    $4.46     → finish=white, lightType=warm light
    $5.66     → finish=white
    $6.74     → finish=white
    $7.63     → finish=white
    $4.46     → finish=white

  ⚠ Unmatched Variants (2):
    Warm white — finish=warm white
    Normal white — finish=normal white
  [24/803] Smart Motion Sensor Night Light - Rechargeable LED Lamp...
════════════════════════════════════════════════════════════════════════
  Smart Motion Sensor Night Light - Rechargeable LED Lamp
════════════════════════════════════════════════════════════════════════
  Medusa ID:            prod_01KF76FHS657DCHHEM6ADVBNCM
  CJ SKU:               CJJZSNSN00532
  Markup:               100%
  Pricing strategy:     min (for multi-match CJ variants)
  Shared dimensions:    finish
  CJ-only dimensions:   none
  Storefront variants:  7
  CJ variants:          6
  Matched:              1
  Unmatched:            6
  To update:            0
  Already correct:      1

  ── CJ Variant Tiers ──
    $2.87     → finish=white
    $2.87     → 
    $2.87     → finish=white
    $2.87     → 
    $2.87     → finish=white
    $2.87     → finish=white

  ⚠ Unmatched Variants (6):
    White white light — finish=white white light
    White yellow light — finish=white yellow light
    Blue white light — finish=blue white light
    Blue yellow light — finish=blue yellow light
    Pink white light — finish=pink white light
    Pink yellow light — finish=pink yellow light
  [25/803] Linear LED Light Bar - Modern Minimalist Design...
════════════════════════════════════════════════════════════════════════
  Linear LED Light Bar - Modern Minimalist Design
════════════════════════════════════════════════════════════════════════
  Medusa ID:            prod_01KF76FHX9EPY2XBFBMCJCP3HD
  CJ SKU:               CJJT1384395
  Markup:               100%
  Pricing strategy:     min (for multi-match CJ variants)
  Shared dimensions:    none
  CJ-only dimensions:   none
  Storefront variants:  5
  CJ variants:          8
  Matched:              5
  Unmatched:            0
  To update:            0
  Already correct:      5

  ── CJ Variant Tiers ──
    $4.06     → 
    $12.46    → 
    $12.46    → 
    $3.85     → 
    $11.84    → 
    $12.46    → 
    $5.57     → 
    $5.57     → 
  [26/803] Modern Round Bathroom Mirror with Sleek Frame...
════════════════════════════════════════════════════════════════════════
  Modern Round Bathroom Mirror with Sleek Frame
════════════════════════════════════════════════════════════════════════
  Medusa ID:            prod_01KF76FJ0TYMYKC0Q7XPWHYVZ9
  CJ SKU:               CJJZSNSN01876
  Markup:               100%
  Pricing strategy:     min (for multi-match CJ variants)
  Shared dimensions:    finish
  CJ-only dimensions:   sizeCm
  Storefront variants:  4
  CJ variants:          4
  Matched:              3
  Unmatched:            1
  To update:            0
  Already correct:      3

  ── CJ Variant Tiers ──
    $7.98     → finish=white, sizeCm=30
    $18.31    → finish=gold, sizeCm=60
    $7.98     → finish=gold, sizeCm=30
    $7.98     → finish=black, sizeCm=30

  ⚠ Unmatched Variants (1):
    Not easy to rust — finish=not easy to rust
  [27/803] Luxury Crystal Chandelier for Dining Room & Bedroom...
════════════════════════════════════════════════════════════════════════
  Luxury Crystal Chandelier for Dining Room & Bedroom
════════════════════════════════════════════════════════════════════════
  Medusa ID:            prod_01KF76G96M9S3T28H3QDGT11KM
  CJ SKU:               CJJT1557940
  Markup:               100%
  Pricing strategy:     min (for multi-match CJ variants)
  Shared dimensions:    sizeCm
  CJ-only dimensions:   none
  Storefront variants:  4
  CJ variants:          2
  Matched:              4
  Unmatched:            0
  To update:            2
  Already correct:      2

  ── CJ Variant Tiers ──
    $56.39    → sizeCm=16
    $50.45    → sizeCm=13

  ── Planned Price Changes (2) ──
  Title                                      Current    CJ Cost    New        Delta
  ─────────────────────────────────────────────────────────────────────────────────────
  16cm / 111V                                $100.90    $56.39     $112.78    +$11.88
  16cm / 240V                                $100.90    $56.39     $112.78    +$11.88
  [28/803] Nordic Minimalist Small Chandelier for Bedroom & Study...
════════════════════════════════════════════════════════════════════════
  Nordic Minimalist Small Chandelier for Bedroom & Study
════════════════════════════════════════════════════════════════════════
  Medusa ID:            prod_01KF76G9AZG89KD63ASBKB0DPP
  CJ SKU:               CJJT1286221
  Markup:               100%
  Pricing strategy:     min (for multi-match CJ variants)
  Shared dimensions:    voltage
  CJ-only dimensions:   finish
  Storefront variants:  4
  CJ variants:          2
  Matched:              0
  Unmatched:            4
  To update:            0
  Already correct:      0

  ── CJ Variant Tiers ──
    $14.31    → finish=gold, voltage=220
    $14.31    → voltage=220

  ⚠ Unmatched Variants (4):
    11W / 111V — wattage=11, voltage=111
    11W / 240V — wattage=11, voltage=240
    15W / 111V — wattage=15, voltage=111
    15W / 240V — wattage=15, voltage=240
  [29/803] Modern Minimalist Ceiling Light - Sleek Flush Mount...
════════════════════════════════════════════════════════════════════════
  Modern Minimalist Ceiling Light - Sleek Flush Mount
════════════════════════════════════════════════════════════════════════
  Medusa ID:            prod_01KF76G9X19H3AD4Q0E0PPFBRR
  CJ SKU:               CJJZSNTH00030
  Markup:               100%
  Pricing strategy:     min (for multi-match CJ variants)
  Shared dimensions:    wattage, finish, lightType
  CJ-only dimensions:   sizeCm
  Storefront variants:  40
  CJ variants:          34
  Matched:              0
  Unmatched:            40
  To update:            0
  Already correct:      0

  ── CJ Variant Tiers ──
    $6.48     → wattage=15
    $6.48     → finish=white
    $6.48     → finish=white, wattage=15
    $12.54    → 
    $3.52     → sizeCm=23, wattage=12
    $4.32     → finish=black, sizeCm=23, wattage=12
    $12.54    → 
    $6.48     → finish=white
    $6.48     → finish=white
    $9.86     → 
    $6.48     → lightType=warm light, wattage=15
    $12.54    → 
    $6.48     → finish=white
    $9.86     → 
    $6.48     → finish=white, wattage=15
    $9.86     → 
    $6.48     → lightType=warm light
    $9.86     → 
    $6.48     → lightType=warm light, wattage=15
    $6.48     → wattage=15
    $6.48     → finish=white, wattage=15
    $6.48     → lightType=warm light
    $12.54    → 
    $6.48     → wattage=15
    $6.48     → wattage=15
    $6.48     → lightType=warm light, wattage=15
    $6.48     → wattage=15
    $6.48     → wattage=15
    $6.48     → lightType=warm light
    $6.48     → finish=white, wattage=15
    $6.48     → lightType=warm light, wattage=15
    $6.48     → wattage=15
    $6.48     → wattage=15
    $6.48     → lightType=warm light

  ⚠ Unmatched Variants (40):
    No remote control / 12W / WARM WHITE — lightType=warm white, wattage=12, finish=no remote control
    No remote control / 12W / COOL WHITE — lightType=cool white, wattage=12, finish=no remote control
    No remote control / 12W / NATURAL LIGHT — lightType=natural light, wattage=12, finish=no remote control
    No remote control / 12W / 2800K — lightType=2800k, wattage=12, finish=no remote control
    No remote control / 12W / 6000K — wattage=12, finish=no remote control, lightType=6000k
    No remote control / 15W / WARM WHITE — lightType=warm white, wattage=15, finish=no remote control
    No remote control / 15W / COOL WHITE — lightType=cool white, wattage=15, finish=no remote control
    No remote control / 15W / NATURAL LIGHT — lightType=natural light, wattage=15, finish=no remote control
    No remote control / 15W / 2800K — lightType=2800k, wattage=15, finish=no remote control
    No remote control / 15W / 6000K — wattage=15, finish=no remote control, lightType=6000k
    ... and 30 more
  [30/803] Recessed LED Rectangular Spotlight for Modern Living...
════════════════════════════════════════════════════════════════════════
  Recessed LED Rectangular Spotlight for Modern Living
════════════════════════════════════════════════════════════════════════
  Medusa ID:            prod_01KF76GBD3ZZXHTPKMSQ4TW4EA
  CJ SKU:               CJJT1499153
  Markup:               100%
  Pricing strategy:     min (for multi-match CJ variants)
  Shared dimensions:    finish
  CJ-only dimensions:   none
  Storefront variants:  8
  CJ variants:          8
  Matched:              8
  Unmatched:            0
  To update:            0
  Already correct:      8

  ── CJ Variant Tiers ──
    $35.78    → finish=white
    $35.78    → finish=white
    $35.78    → finish=black
    $35.78    → finish=black
    $35.78    → finish=white
    $35.78    → finish=white
    $35.78    → finish=black
    $35.78    → finish=black
  [31/803] Modern Creative Bedside Table Lamp for Living Room...
════════════════════════════════════════════════════════════════════════
  Modern Creative Bedside Table Lamp for Living Room
════════════════════════════════════════════════════════════════════════
  Medusa ID:            prod_01KF76GCH5T5TM71Z2Q01SSPMQ
  CJ SKU:               CJJT1220111
  Markup:               100%
  Pricing strategy:     min (for multi-match CJ variants)
  Shared dimensions:    finish
  CJ-only dimensions:   lightType
  Storefront variants:  60
  CJ variants:          12
  Matched:              0
  Unmatched:            60
  To update:            0
  Already correct:      0

  ── CJ Variant Tiers ──
    $19.89    → finish=white
    $19.89    → finish=black
    $19.89    → finish=white
    $19.89    → finish=white
    $19.89    → 
    $19.89    → finish=black, lightType=warm light
    $19.89    → finish=white, lightType=warm light
    $19.89    → lightType=warm light
    $21.15    → 
    $21.15    → finish=black
    $21.15    → finish=white
    $21.15    → 

  ⚠ Unmatched Variants (60):
    Black-white light / 100V / E27 — voltage=100, finish=black-white light
    Black-white light / 100V / E14 — voltage=100, finish=black-white light
    Black-white light / 240V / E27 — voltage=240, finish=black-white light
    Black-white light / 240V / E14 — voltage=240, finish=black-white light
    Black-white light / 220V / E27 — voltage=220, finish=black-white light
    Black-white light / 220V / E14 — voltage=220, finish=black-white light
    White-white light / 100V / E27 — voltage=100, finish=white-white light
    White-white light / 100V / E14 — voltage=100, finish=white-white light
    White-white light / 240V / E27 — voltage=240, finish=white-white light
    White-white light / 240V / E14 — voltage=240, finish=white-white light
    ... and 50 more
  [32/803] Solar LED Outdoor Wall Light for Courtyards & Stairs...
════════════════════════════════════════════════════════════════════════
  Solar LED Outdoor Wall Light for Courtyards & Stairs
════════════════════════════════════════════════════════════════════════
  Medusa ID:            prod_01KF76GJ578B2K3D4WT3KTJ07S
  CJ SKU:               CJJZSNSN00616
  Markup:               100%
  Pricing strategy:     min (for multi-match CJ variants)
  Shared dimensions:    finish
  CJ-only dimensions:   lightType
  Storefront variants:  3
  CJ variants:          31
  Matched:              0
  Unmatched:            3
  To update:            0
  Already correct:      0

  ── CJ Variant Tiers ──
    $3.82     → finish=black
    $3.82     → 
    $15.12    → 
    $0.95     → finish=white
    $0.95     → finish=black, lightType=warm light
    $0.97     → lightType=warm light
    $5.38     → lightType=warm light
    $3.75     → lightType=warm light
    $7.41     → lightType=warm light
    $11.11    → lightType=warm light
    $14.81    → lightType=warm light
    $3.75     → finish=white
    $5.38     → finish=white
    $7.41     → finish=white
    $11.11    → finish=white
    $14.81    → finish=white
    $3.75     → finish=black, lightType=warm light
    $5.38     → finish=black, lightType=warm light
    $7.41     → finish=black, lightType=warm light
    $11.11    → finish=black, lightType=warm light
    $14.81    → finish=black, lightType=warm light
    $8.96     → finish=black, lightType=warm light
    $8.96     → lightType=warm light
    $1.90     → finish=black, lightType=warm light
    $1.90     → lightType=warm light
    $1.90     → finish=white
    $7.33     → 
    $11.00    → 
    $14.67    → finish=black
    $7.55     → finish=black
    $11.33    → finish=black

  ⚠ Unmatched Variants (3):
    Villa — finish=villa
    Garden — finish=garden
    Etc — finish=etc
  [33/803] Modern Waterproof LED Exterior Wall Light...
════════════════════════════════════════════════════════════════════════
  Modern Waterproof LED Exterior Wall Light
════════════════════════════════════════════════════════════════════════
  Medusa ID:            prod_01KF76GJ86GTH5PH41WVDQFDS6
  CJ SKU:               CJJT1476747
  Markup:               100%
  Pricing strategy:     min (for multi-match CJ variants)
  Shared dimensions:    sizeCm
  CJ-only dimensions:   none
  Storefront variants:  4
  CJ variants:          2
  Matched:              4
  Unmatched:            0
  To update:            2
  Already correct:      2

  ── CJ Variant Tiers ──
    $66.44    → sizeCm=35
    $145.66   → sizeCm=60

  ── Planned Price Changes (2) ──
  Title                                      Current    CJ Cost    New        Delta
  ─────────────────────────────────────────────────────────────────────────────────────
  60cm / 3000K                               $132.88    $145.66    $291.32    +$158.44
  60cm / 35CM-3000K                          $132.88    $145.66    $291.32    +$158.44
  [34/803] Solar Step Light for Outdoor Stairs & Walkways...
════════════════════════════════════════════════════════════════════════
  Solar Step Light for Outdoor Stairs & Walkways
════════════════════════════════════════════════════════════════════════
  Medusa ID:            prod_01KF76GJEZM9J6FZ62WQMA5G7J
  CJ SKU:               CJJT1150541
  Markup:               100%
  Pricing strategy:     min (for multi-match CJ variants)
  Shared dimensions:    finish
  CJ-only dimensions:   sizeCm, lightType
  Storefront variants:  7
  CJ variants:          37
  Matched:              2
  Unmatched:            5
  To update:            1
  Already correct:      1

  ── CJ Variant Tiers ──
    $6.06     → finish=black, sizeCm=5
    $6.06     → finish=black, lightType=warm light, sizeCm=5
    $6.06     → finish=white, sizeCm=5
    $6.06     → lightType=warm light, sizeCm=5
    $30.30    → finish=black, sizeCm=5
    $30.30    → finish=black, lightType=warm light, sizeCm=5
    $6.06     → finish=black, sizeCm=5
    $30.30    → finish=black, sizeCm=5
    $30.30    → finish=white, sizeCm=5
    $30.30    → lightType=warm light, sizeCm=5
    $6.06     → sizeCm=5
    $30.30    → sizeCm=5
    $12.12    → finish=black, sizeCm=5
    $12.12    → finish=black, lightType=warm light, sizeCm=5
    $12.16    → lightType=warm light, sizeCm=5
    $19.89    → finish=white, sizeCm=5
    $39.78    → finish=black, lightType=warm light, sizeCm=5
    $39.78    → lightType=warm light, sizeCm=5
    $26.52    → sizeCm=5
    $39.78    → finish=white, sizeCm=5
    $0.47     → finish=black, lightType=warm light
    $17.81    → lightType=warm light, sizeCm=5
    $4.13     → finish=black, lightType=warm light, sizeCm=5
    $17.82    → finish=black, sizeCm=5
    $23.76    → finish=black, sizeCm=5
    $23.76    → finish=black, lightType=warm light, sizeCm=5
    $12.12    → finish=white, sizeCm=5
    $23.76    → finish=white, sizeCm=5
    $23.76    → lightType=warm light, sizeCm=5
    $1.62     → finish=white, sizeCm=5
    $3.24     → finish=white, sizeCm=5
    $4.86     → finish=white, sizeCm=5
    $6.48     → finish=white, sizeCm=5
    $1.62     → finish=white, lightType=warm light, sizeCm=5
    $3.24     → finish=white, lightType=warm light, sizeCm=5
    $4.86     → finish=white, lightType=warm light, sizeCm=5
    $6.48     → finish=white, lightType=warm light, sizeCm=5

  ── Planned Price Changes (1) ──
  Title                                      Current    CJ Cost    New        Delta
  ─────────────────────────────────────────────────────────────────────────────────────
  White                                      $0.94      $1.62      $3.24      +$2.30

  ⚠ Unmatched Variants (5):
    White light — finish=white light
    Warm light — finish=warm light
    Colorful 8 — finish=colorful 8
    Black shell — finish=black shell
    Brown — finish=brown
  [35/803] Vintage Industrial Wall Sconce Light...
════════════════════════════════════════════════════════════════════════
  Vintage Industrial Wall Sconce Light
════════════════════════════════════════════════════════════════════════
  Medusa ID:            prod_01KF76GK26VC0W6NR74TTHMANS
  CJ SKU:               CJJZSNSN00156
  Markup:               100%
  Pricing strategy:     min (for multi-match CJ variants)
  Shared dimensions:    none
  CJ-only dimensions:   none
  Storefront variants:  126
  CJ variants:          11
  Matched:              126
  Unmatched:            0
  To update:            0
  Already correct:      126

  ── CJ Variant Tiers ──
    $9.03     → 
    $12.44    → 
    $13.28    → 
    $9.88     → 
    $11.58    → 
    $11.58    → 
    $9.03     → 
    $10.74    → 
    $11.58    → 
    $12.44    → 
    $4.82     → 
  [36/803] Industrial Retro Wall Sconce - Staircase Accent Light...
════════════════════════════════════════════════════════════════════════
  Industrial Retro Wall Sconce - Staircase Accent Light
════════════════════════════════════════════════════════════════════════
  Medusa ID:            prod_01KF76GP66F4C7QYK2ZVYMR7H2
  CJ SKU:               CJJT1387594
  Markup:               100%
  Pricing strategy:     min (for multi-match CJ variants)
  Shared dimensions:    none
  CJ-only dimensions:   none
  Storefront variants:  2
  CJ variants:          1
  Matched:              2
  Unmatched:            0
  To update:            0
  Already correct:      2

  ── CJ Variant Tiers ──
    $13.94    → 
  [37/803] Nordic Glass Wall Sconce Designer Lamp...
════════════════════════════════════════════════════════════════════════
  Nordic Glass Wall Sconce Designer Lamp
════════════════════════════════════════════════════════════════════════
  Medusa ID:            prod_01KF76GP7W39K9DS3Y52A847WD
  CJ SKU:               CJSN1073800
  Markup:               100%
  Pricing strategy:     min (for multi-match CJ variants)
  Shared dimensions:    none
  CJ-only dimensions:   none
  Storefront variants:  10
  CJ variants:          8
  Matched:              10
  Unmatched:            0
  To update:            0
  Already correct:      10

  ── CJ Variant Tiers ──
    $10.78    → 
    $10.78    → 
    $11.82    → 
    $11.82    → 
    $11.94    → 
    $13.27    → 
    $11.94    → 
    $13.27    → 
  [38/803] Rainbow Projection Night Light - Ambient Room Lighting...
════════════════════════════════════════════════════════════════════════
  Rainbow Projection Night Light - Ambient Room Lighting
════════════════════════════════════════════════════════════════════════
  Medusa ID:            prod_01KF76GPXKNPYZ5ZEPZA7V5NYB
  CJ SKU:               CJSN1583635
  Markup:               100%
  Pricing strategy:     min (for multi-match CJ variants)
  Shared dimensions:    none
  CJ-only dimensions:   none
  Storefront variants:  2
  CJ variants:          10
  Matched:              2
  Unmatched:            0
  To update:            0
  Already correct:      2

  ── CJ Variant Tiers ──
    $2.36     → 
    $2.36     → 
    $2.36     → 
    $2.36     → 
    $3.31     → 
    $3.31     → 
    $3.31     → 
    $3.31     → 
    $4.20     → 
    $4.20     → 
  [39/803] LED Tulip Flower Table Lamp - Artificial Potted Plant...
════════════════════════════════════════════════════════════════════════
  LED Tulip Flower Table Lamp - Artificial Potted Plant
════════════════════════════════════════════════════════════════════════
  Medusa ID:            prod_01KF76H7JYYPD2ZRANW18V53FW
  CJ SKU:               CJSN1508656
  Markup:               100%
  Pricing strategy:     min (for multi-match CJ variants)
  Shared dimensions:    finish
  CJ-only dimensions:   heads
  Storefront variants:  9
  CJ variants:          6
  Matched:              1
  Unmatched:            8
  To update:            0
  Already correct:      1

  ── CJ Variant Tiers ──
    $12.22    → heads=6
    $12.22    → heads=6, finish=white
    $8.33     → heads=2
    $8.33     → heads=2, finish=white
    $8.33     → heads=2
    $8.33     → heads=2

  ⚠ Unmatched Variants (8):
    S and full of vitality — finish=s and full of vitality
    Hotels — finish=hotels
    Homes — finish=homes
    Villas — finish=villas
    Gift shops — finish=gift shops
    Bookstores — finish=bookstores
    Cafes and other places 2 — finish=cafes and other places 2
    Ful life — finish=ful life
  [40/803] Modern Marble Bedroom Chandelier - Minimalist Design...
════════════════════════════════════════════════════════════════════════
  Modern Marble Bedroom Chandelier - Minimalist Design
════════════════════════════════════════════════════════════════════════
  Medusa ID:            prod_01KJJK37M9612DHRTR9DERQA0P
  CJ SKU:               CJTH1639878
  Markup:               100%
  Pricing strategy:     min (for multi-match CJ variants)
  Shared dimensions:    none
  CJ-only dimensions:   finish
  Storefront variants:  1
  CJ variants:          2
  Matched:              1
  Unmatched:            0
  To update:            0
  Already correct:      1

  ── CJ Variant Tiers ──
    $24.04    → finish=white
    $24.04    → finish=white
  [41/803] Glass Tassel Chandelier - Modern Elegant Statement Light...
════════════════════════════════════════════════════════════════════════
  Glass Tassel Chandelier - Modern Elegant Statement Light
════════════════════════════════════════════════════════════════════════
  Medusa ID:            prod_01KJJK3C5TFV8X5QN5ZA84G21P
  CJ SKU:               CJTH1639910
  Markup:               100%
  Pricing strategy:     min (for multi-match CJ variants)
  Shared dimensions:    none
  CJ-only dimensions:   none
  Storefront variants:  1
  CJ variants:          3
  Matched:              1
  Unmatched:            0
  To update:            0
  Already correct:      1

  ── CJ Variant Tiers ──
    $23.60    → 
    $23.60    → 
    $23.60    → 
  [42/803] Stained Glass Bedside Chandelier - Artistic Bedroom Lighting...
════════════════════════════════════════════════════════════════════════
  Stained Glass Bedside Chandelier - Artistic Bedroom Lighting
════════════════════════════════════════════════════════════════════════
  Medusa ID:            prod_01KJJK3GD62F1BSPV2QCR06540
  CJ SKU:               CJTH1639867
  Markup:               100%
  Pricing strategy:     min (for multi-match CJ variants)
  Shared dimensions:    none
  CJ-only dimensions:   none
  Storefront variants:  2
  CJ variants:          3
  Matched:              2
  Unmatched:            0
  To update:            0
  Already correct:      2

  ── CJ Variant Tiers ──
    $116.86   → 
    $116.86   → 
    $116.86   → 
  [43/803] Colorful Glass Globe Chandelier - Macaron Collection...
════════════════════════════════════════════════════════════════════════
  Colorful Glass Globe Chandelier - Macaron Collection
════════════════════════════════════════════════════════════════════════
  Medusa ID:            prod_01KJJK3MY9WWJW8F4P9TKWNEEE
  CJ SKU:               CJSN1642353
  Markup:               100%
  Pricing strategy:     min (for multi-match CJ variants)
  Shared dimensions:    none
  CJ-only dimensions:   none
  Storefront variants:  1
  CJ variants:          5
  Matched:              1
  Unmatched:            0
  To update:            0
  Already correct:      1

  ── CJ Variant Tiers ──
    $24.20    → 
    $24.20    → 
    $24.20    → 
    $24.20    → 
    $24.20    → 
  [44/803] Donut Ring LED Wall Light - Modern Circle Sconce...
════════════════════════════════════════════════════════════════════════
  Donut Ring LED Wall Light - Modern Circle Sconce
════════════════════════════════════════════════════════════════════════
  Medusa ID:            prod_01KJJK3S5KKZCQ44VBEN4VBKZ6
  CJ SKU:               CJTH1642316
  Markup:               100%
  Pricing strategy:     min (for multi-match CJ variants)
  Shared dimensions:    sizeCm
  CJ-only dimensions:   lightType
  Storefront variants:  40
  CJ variants:          12
  Matched:              40
  Unmatched:            0
  To update:            30
  Already correct:      10

  ── CJ Variant Tiers ──
    $38.00    → lightType=warm light, sizeCm=40
    $39.48    → lightType=3 color, sizeCm=40
    $53.42    → lightType=warm light, sizeCm=50
    $56.39    → lightType=3 color, sizeCm=50
    $62.33    → lightType=warm light, sizeCm=60
    $66.78    → lightType=3 color, sizeCm=60
    $90.15    → lightType=warm light, sizeCm=80
    $96.83    → lightType=3 color, sizeCm=80
    $38.84    → lightType=3 color, sizeCm=40
    $38.84    → lightType=warm light, sizeCm=40
    $53.34    → lightType=3 color, sizeCm=60
    $53.34    → lightType=warm light, sizeCm=60

  ── Planned Price Changes (30) ──
  Title                                      Current    CJ Cost    New        Delta
  ─────────────────────────────────────────────────────────────────────────────────────
  50cm / 40cm                                $76.00     $53.42     $106.84    +$30.84
  50cm / 50cm                                $76.00     $53.42     $106.84    +$30.84
  50cm / 60cm                                $76.00     $53.42     $106.84    +$30.84
  50cm / Living room                         $76.00     $53.42     $106.84    +$30.84
  50cm / Bedroom                             $76.00     $53.42     $106.84    +$30.84
  50cm / Study                               $76.00     $53.42     $106.84    +$30.84
  50cm / Corridor                            $76.00     $53.42     $106.84    +$30.84
  50cm / Dining room                         $76.00     $53.42     $106.84    +$30.84
  50cm / Porch                               $76.00     $53.42     $106.84    +$30.84
  50cm / Balcony                             $76.00     $53.42     $106.84    +$30.84
  60cm / 40cm                                $76.00     $53.34     $106.68    +$30.68
  60cm / 50cm                                $76.00     $53.34     $106.68    +$30.68
  60cm / 60cm                                $76.00     $53.34     $106.68    +$30.68
  60cm / Living room                         $76.00     $53.34     $106.68    +$30.68
  60cm / Bedroom                             $76.00     $53.34     $106.68    +$30.68
  60cm / Study                               $76.00     $53.34     $106.68    +$30.68
  60cm / Corridor                            $76.00     $53.34     $106.68    +$30.68
  60cm / Dining room                         $76.00     $53.34     $106.68    +$30.68
  60cm / Porch                               $76.00     $53.34     $106.68    +$30.68
  60cm / Balcony                             $76.00     $53.34     $106.68    +$30.68
  80cm / 40cm                                $76.00     $90.15     $180.30    +$104.30
  80cm / 50cm                                $76.00     $90.15     $180.30    +$104.30
  80cm / 60cm                                $76.00     $90.15     $180.30    +$104.30
  80cm / Living room                         $76.00     $90.15     $180.30    +$104.30
  80cm / Bedroom                             $76.00     $90.15     $180.30    +$104.30
  80cm / Study                               $76.00     $90.15     $180.30    +$104.30
  80cm / Corridor                            $76.00     $90.15     $180.30    +$104.30
  80cm / Dining room                         $76.00     $90.15     $180.30    +$104.30
  80cm / Porch                               $76.00     $90.15     $180.30    +$104.30
  80cm / Balcony                             $76.00     $90.15     $180.30    +$104.30
  [45/803] Industrial Plant Chandelier - Living Garden Light Fixture...
════════════════════════════════════════════════════════════════════════
  Industrial Plant Chandelier - Living Garden Light Fixture
════════════════════════════════════════════════════════════════════════
  Medusa ID:            prod_01KJJK4DG29V5D95NJ84FRPR0F
  CJ SKU:               CJTH1642332
  Markup:               100%
  Pricing strategy:     min (for multi-match CJ variants)
  Shared dimensions:    finish
  CJ-only dimensions:   none
  Storefront variants:  30
  CJ variants:          3
  Matched:              6
  Unmatched:            24
  To update:            0
  Already correct:      6

  ── CJ Variant Tiers ──
    $10.84    → finish=white
    $10.84    → finish=black
    $12.32    → 

  ⚠ Unmatched Variants (24):
    40cm / Bedroom — finish=bedroom, sizeCm=40
    40cm / Study — finish=study, sizeCm=40
    40cm / Corridor — finish=corridor, sizeCm=40
    40cm / Courtyard — finish=courtyard, sizeCm=40
    40cm / Dining room — finish=dining room, sizeCm=40
    40cm / Kitchen — finish=kitchen, sizeCm=40
    40cm / Porch — sizeCm=40, finish=porch
    40cm / Balcony — finish=balcony, sizeCm=40
    21cm / Bedroom — finish=bedroom, sizeCm=21
    21cm / Study — finish=study, sizeCm=21
    ... and 14 more
  [46/803] Kids Dining Room Chandelier - Modern Minimalist Design...
════════════════════════════════════════════════════════════════════════
  Kids Dining Room Chandelier - Modern Minimalist Design
════════════════════════════════════════════════════════════════════════
  Medusa ID:            prod_01KJJK4K5EQHRKAVBYBTJSD9C3
  CJ SKU:               CJTH1641947
  Markup:               100%
  Pricing strategy:     min (for multi-match CJ variants)
  Shared dimensions:    heads, finish
  CJ-only dimensions:   none
  Storefront variants:  50
  CJ variants:          8
  Matched:              0
  Unmatched:            50
  To update:            0
  Already correct:      0

  ── CJ Variant Tiers ──
    $39.43    → heads=4, finish=white
    $44.80    → heads=4
    $52.33    → heads=6, finish=white
    $54.12    → heads=6
    $60.39    → heads=7, finish=white
    $62.72    → heads=7
    $79.75    → heads=11, finish=white
    $85.13    → heads=11

  ⚠ Unmatched Variants (50):
    4 heads monochrome / 4 Lights — finish=4 heads monochrome, heads=4
    4 heads monochrome / 6 Lights — finish=4 heads monochrome, heads=6
    4 heads monochrome / 7 Lights — finish=4 heads monochrome, heads=7
    4 heads monochrome / 11 Lights — finish=4 heads monochrome, heads=11
    4 heads monochrome / 10 Lights — finish=4 heads monochrome, heads=10
    6 heads monochrome / 4 Lights — finish=6 heads monochrome, heads=4
    6 heads monochrome / 6 Lights — finish=6 heads monochrome, heads=6
    6 heads monochrome / 7 Lights — finish=6 heads monochrome, heads=7
    6 heads monochrome / 11 Lights — finish=6 heads monochrome, heads=11
    6 heads monochrome / 10 Lights — heads=10, finish=6 heads monochrome
    ... and 40 more
  [47/803] Japanese Style Retro Bamboo Chandelier...
════════════════════════════════════════════════════════════════════════
  Japanese Style Retro Bamboo Chandelier
════════════════════════════════════════════════════════════════════════
  Medusa ID:            prod_01KJJK4TSKAPJ5QXD8687JZ4AR
  CJ SKU:               CJSN1645163
  Markup:               100%
  Pricing strategy:     min (for multi-match CJ variants)
  Shared dimensions:    none
  CJ-only dimensions:   none
  Storefront variants:  52
  CJ variants:          21
  Matched:              52
  Unmatched:            0
  To update:            0
  Already correct:      52

  ── CJ Variant Tiers ──
    $26.88    → 
    $39.43    → 
    $62.72    → 
    $28.67    → 
    $43.01    → 
    $19.53    → 
    $28.67    → 
    $28.67    → 
    $41.22    → 
    $34.70    → 
    $45.02    → 
    $19.71    → 
    $26.88    → 
    $26.88    → 
    $37.63    → 
    $50.18    → 
    $30.47    → 
    $43.01    → 
    $32.26    → 
    $46.59    → 
    $69.89    → 
  [48/803] Japanese Style Fabric Hanging Lantern...
════════════════════════════════════════════════════════════════════════
  Japanese Style Fabric Hanging Lantern
════════════════════════════════════════════════════════════════════════
  Medusa ID:            prod_01KJJK53H2HP85P2P70FYNHTSC
  CJ SKU:               CJTH1642349
  Markup:               100%
  Pricing strategy:     min (for multi-match CJ variants)
  Shared dimensions:    sizeCm
  CJ-only dimensions:   none
  Storefront variants:  32
  CJ variants:          4
  Matched:              32
  Unmatched:            0
  To update:            24
  Already correct:      8

  ── CJ Variant Tiers ──
    $38.29    → sizeCm=40
    $51.79    → sizeCm=50
    $72.56    → sizeCm=60
    $115.52   → sizeCm=80

  ── Planned Price Changes (24) ──
  Title                                      Current    CJ Cost    New        Delta
  ─────────────────────────────────────────────────────────────────────────────────────
  50cm / Of the item / 111V                  $76.58     $51.79     $103.58    +$27.00
  50cm / Of the item / 240V                  $76.58     $51.79     $103.58    +$27.00
  50cm / Φ40cm gift led light source / 111   $76.58     $51.79     $103.58    +$27.00
  50cm / Φ40cm gift led light source / 240   $76.58     $51.79     $103.58    +$27.00
  50cm / Φ50cm gift led light source / 111   $76.58     $51.79     $103.58    +$27.00
  50cm / Φ50cm gift led light source / 240   $76.58     $51.79     $103.58    +$27.00
  50cm / Φ60cm gift led light source / 111   $76.58     $51.79     $103.58    +$27.00
  50cm / Φ60cm gift led light source / 240   $76.58     $51.79     $103.58    +$27.00
  60cm / Of the item / 111V                  $76.58     $72.56     $145.12    +$68.54
  60cm / Of the item / 240V                  $76.58     $72.56     $145.12    +$68.54
  60cm / Φ40cm gift led light source / 111   $76.58     $72.56     $145.12    +$68.54
  60cm / Φ40cm gift led light source / 240   $76.58     $72.56     $145.12    +$68.54
  60cm / Φ50cm gift led light source / 111   $76.58     $72.56     $145.12    +$68.54
  60cm / Φ50cm gift led light source / 240   $76.58     $72.56     $145.12    +$68.54
  60cm / Φ60cm gift led light source / 111   $76.58     $72.56     $145.12    +$68.54
  60cm / Φ60cm gift led light source / 240   $76.58     $72.56     $145.12    +$68.54
  80cm / Of the item / 111V                  $76.58     $115.52    $231.04    +$154.46
  80cm / Of the item / 240V                  $76.58     $115.52    $231.04    +$154.46
  80cm / Φ40cm gift led light source / 111   $76.58     $115.52    $231.04    +$154.46
  80cm / Φ40cm gift led light source / 240   $76.58     $115.52    $231.04    +$154.46
  80cm / Φ50cm gift led light source / 111   $76.58     $115.52    $231.04    +$154.46
  80cm / Φ50cm gift led light source / 240   $76.58     $115.52    $231.04    +$154.46
  80cm / Φ60cm gift led light source / 111   $76.58     $115.52    $231.04    +$154.46
  80cm / Φ60cm gift led light source / 240   $76.58     $115.52    $231.04    +$154.46
  [49/803] Modern LED Wall Strip Light - Soft Ambient Lighting...
════════════════════════════════════════════════════════════════════════
  Modern LED Wall Strip Light - Soft Ambient Lighting
════════════════════════════════════════════════════════════════════════
  Medusa ID:            prod_01KJJK59MGWEPMFXQ820A9ASHD
  CJ SKU:               CJJJJTJT24655
  Markup:               100%
  Pricing strategy:     min (for multi-match CJ variants)
  Shared dimensions:    none
  CJ-only dimensions:   finish
  Storefront variants:  1
  CJ variants:          4
  Matched:              1
  Unmatched:            0
  To update:            0
  Already correct:      1

  ── CJ Variant Tiers ──
    $8.34     → finish=black
    $8.34     → finish=black
    $8.34     → finish=black
    $8.34     → finish=black
  [50/803] Modern Glass Globe Pendant Light - Single Drop Chandelier...
════════════════════════════════════════════════════════════════════════
  Modern Glass Globe Pendant Light - Single Drop Chandelier
════════════════════════════════════════════════════════════════════════
  Medusa ID:            prod_01KJJK5DRYMBPPD3EZNQW5M84A
  CJ SKU:               CJJT1470463
  Markup:               100%
  Pricing strategy:     min (for multi-match CJ variants)
  Shared dimensions:    sizeCm
  CJ-only dimensions:   none
  Storefront variants:  5
  CJ variants:          2
  Matched:              2
  Unmatched:            3
  To update:            1
  Already correct:      1

  ── CJ Variant Tiers ──
    $8.18     → sizeCm=15
    $11.58    → sizeCm=20

  ── Planned Price Changes (1) ──
  Title                                      Current    CJ Cost    New        Delta
  ─────────────────────────────────────────────────────────────────────────────────────
  20cm                                       $16.36     $11.58     $23.16     +$6.80

  ⚠ Unmatched Variants (3):
    18cm — sizeCm=18
    37cm — sizeCm=37
    113cm — sizeCm=113
  [51/803] Nordic Minimalist Resin Art Chandelier...
════════════════════════════════════════════════════════════════════════
  Nordic Minimalist Resin Art Chandelier
════════════════════════════════════════════════════════════════════════
  Medusa ID:            prod_01KJJK5JD5GW8NB31MM5QDM23Y
  CJ SKU:               CJJT1596671
  Markup:               100%
  Pricing strategy:     min (for multi-match CJ variants)
  Shared dimensions:    finish, sizeCm
  CJ-only dimensions:   none
  Storefront variants:  36
  CJ variants:          6
  Matched:              6
  Unmatched:            30
  To update:            4
  Already correct:      2

  ── CJ Variant Tiers ──
    $38.44    → finish=white, sizeCm=60
    $54.76    → finish=white, sizeCm=80
    $94.99    → finish=white, sizeCm=120
    $38.44    → finish=black, sizeCm=60
    $54.76    → finish=black, sizeCm=80
    $94.99    → finish=black, sizeCm=120

  ── Planned Price Changes (4) ──
  Title                                      Current    CJ Cost    New        Delta
  ─────────────────────────────────────────────────────────────────────────────────────
  120cm / Black                              $76.88     $94.99     $189.98    +$113.10
  120cm / White                              $76.88     $94.99     $189.98    +$113.10
  80cm / Black                               $76.88     $54.76     $109.52    +$32.64
  80cm / White                               $76.88     $54.76     $109.52    +$32.64

  ⚠ Unmatched Variants (30):
    120cm / White 120cm warm light — finish=white 120cm warm light, sizeCm=120
    120cm / White 80cm warm light — finish=white 80cm warm light, sizeCm=120
    120cm / White 60cm warm light — finish=white 60cm warm light, sizeCm=120
    120cm / Black 120cm warm light — finish=black 120cm warm light, sizeCm=120
    120cm / Black 80cm warm light — finish=black 80cm warm light, sizeCm=120
    120cm / Black 60cm warm light — finish=black 60cm warm light, sizeCm=120
    120cm / White 100cm warm light — finish=white 100cm warm light, sizeCm=120
    80cm / White 120cm warm light — finish=white 120cm warm light, sizeCm=80
    80cm / White 80cm warm light — finish=white 80cm warm light, sizeCm=80
    80cm / White 60cm warm light — finish=white 60cm warm light, sizeCm=80
    ... and 20 more
  [52/803] Nordic Minimalist Vertical Table Lamp - Light Luxury Design...
════════════════════════════════════════════════════════════════════════
  Nordic Minimalist Vertical Table Lamp - Light Luxury Design
════════════════════════════════════════════════════════════════════════
  Medusa ID:            prod_01KJJK5T7QW8DS4A5A7R671DVP
  CJ SKU:               CJJT1608741
  Markup:               100%
  Pricing strategy:     min (for multi-match CJ variants)
  Shared dimensions:    none
  CJ-only dimensions:   voltage
  Storefront variants:  3
  CJ variants:          6
  Matched:              3
  Unmatched:            0
  To update:            0
  Already correct:      3

  ── CJ Variant Tiers ──
    $31.16    → voltage=220
    $31.16    → voltage=220
    $0.36     → 
    $0.20     → 
    $0.27     → 
    $0.33     → 
  [53/803] Nordic Tassel Pendant Light Modern Minimalist Design...
════════════════════════════════════════════════════════════════════════
  Nordic Tassel Pendant Light Modern Minimalist Design
════════════════════════════════════════════════════════════════════════
  Medusa ID:            prod_01KJJK5ZHBQDRFVKF55WA29SK0
  CJ SKU:               CJJT1615905
  Markup:               100%
  Pricing strategy:     min (for multi-match CJ variants)
  Shared dimensions:    finish
  CJ-only dimensions:   none
  Storefront variants:  4
  CJ variants:          3
  Matched:              2
  Unmatched:            2
  To update:            1
  Already correct:      1

  ── CJ Variant Tiers ──
    $90.66    → finish=gold
    $72.12    → finish=silver
    $90.66    → finish=gold

  ── Planned Price Changes (1) ──
  Title                                      Current    CJ Cost    New        Delta
  ─────────────────────────────────────────────────────────────────────────────────────
  Gold                                       $144.24    $90.66     $181.32    +$37.08

  ⚠ Unmatched Variants (2):
    Dimming — finish=dimming
    Rose gold — finish=rose gold
  [54/803] Modern Bamboo Woven Chandelier...
════════════════════════════════════════════════════════════════════════
  Modern Bamboo Woven Chandelier
════════════════════════════════════════════════════════════════════════
  Medusa ID:            prod_01KJJK643PGQJ2BT96YEWMJ01S
  CJ SKU:               CJJT1632428
  Markup:               100%
  Pricing strategy:     min (for multi-match CJ variants)
  Shared dimensions:    none
  CJ-only dimensions:   none
  Storefront variants:  2
  CJ variants:          2
  Matched:              2
  Unmatched:            0
  To update:            0
  Already correct:      2

  ── CJ Variant Tiers ──
    $8.61     → 
    $26.41    → 
  [55/803] Nordic Linear Bar Table Lamp - Minimalist Design...
════════════════════════════════════════════════════════════════════════
  Nordic Linear Bar Table Lamp - Minimalist Design
════════════════════════════════════════════════════════════════════════
  Medusa ID:            prod_01KJJK68FV5TFFVJCC093K2FWP
  CJ SKU:               CJJT1474605
  Markup:               100%
  Pricing strategy:     min (for multi-match CJ variants)
  Shared dimensions:    finish
  CJ-only dimensions:   none
  Storefront variants:  2
  CJ variants:          6
  Matched:              2
  Unmatched:            0
  To update:            0
  Already correct:      2

  ── CJ Variant Tiers ──
    $32.09    → finish=black
    $35.02    → finish=black
    $43.81    → finish=black
    $32.09    → finish=white
    $35.02    → finish=white
    $43.81    → finish=white
  [56/803] Nordic Flower Pendant Light - Modern Minimalist Design...
════════════════════════════════════════════════════════════════════════
  Nordic Flower Pendant Light - Modern Minimalist Design
════════════════════════════════════════════════════════════════════════
  Medusa ID:            prod_01KJJK6CZYNVGBSV9GQWXMFMHG
  CJ SKU:               CJSN1474966
  Markup:               100%
  Pricing strategy:     min (for multi-match CJ variants)
  Shared dimensions:    none
  CJ-only dimensions:   lightType, sizeCm
  Storefront variants:  2
  CJ variants:          6
  Matched:              2
  Unmatched:            0
  To update:            0
  Already correct:      2

  ── CJ Variant Tiers ──
    $26.31    → lightType=warm light, sizeCm=40
    $30.22    → sizeCm=40
    $37.20    → lightType=warm light, sizeCm=60
    $42.47    → sizeCm=60
    $20.56    → sizeCm=50
    $105.97   → lightType=warm light, sizeCm=70
  [57/803] Industrial Vintage Table Lamp with Metal Shade...
════════════════════════════════════════════════════════════════════════
  Industrial Vintage Table Lamp with Metal Shade
════════════════════════════════════════════════════════════════════════
  Medusa ID:            prod_01KJJK6HF7BKWK4H0K02M9FXGY
  CJ SKU:               CJSN1379509
  Markup:               100%
  Pricing strategy:     min (for multi-match CJ variants)
  Shared dimensions:    none
  CJ-only dimensions:   lightType
  Storefront variants:  3
  CJ variants:          6
  Matched:              3
  Unmatched:            0
  To update:            0
  Already correct:      3

  ── CJ Variant Tiers ──
    $10.14    → 
    $10.87    → lightType=warm light
    $10.14    → 
    $10.87    → lightType=warm light
    $9.42     → 
    $10.14    → lightType=warm light
  [58/803] Nordic Retro Pendant Light Collection...
════════════════════════════════════════════════════════════════════════
  Nordic Retro Pendant Light Collection
════════════════════════════════════════════════════════════════════════
  Medusa ID:            prod_01KJJK6P28F882FSN3CNK0NH0N
  CJ SKU:               CJJT1526854
  Markup:               100%
  Pricing strategy:     min (for multi-match CJ variants)
  Shared dimensions:    none
  CJ-only dimensions:   none
  Storefront variants:  3
  CJ variants:          5
  Matched:              3
  Unmatched:            0
  To update:            0
  Already correct:      3

  ── CJ Variant Tiers ──
    $21.80    → 
    $21.80    → 
    $21.80    → 
    $62.86    → 
    $62.86    → 
  [59/803] Lotus Leaf Designer Wall Light - Modern Minimalist Decor...
════════════════════════════════════════════════════════════════════════
  Lotus Leaf Designer Wall Light - Modern Minimalist Decor
════════════════════════════════════════════════════════════════════════
  Medusa ID:            prod_01KJJK6THG0VJJQY6M5C2BHDAA
  CJ SKU:               CJJT1490814
  Markup:               100%
  Pricing strategy:     min (for multi-match CJ variants)
  Shared dimensions:    none
  CJ-only dimensions:   finish, sizeCm
  Storefront variants:  1
  CJ variants:          2
  Matched:              1
  Unmatched:            0
  To update:            0
  Already correct:      1

  ── CJ Variant Tiers ──
    $25.76    → finish=gold, sizeCm=40
    $25.76    → finish=black, sizeCm=40
  [60/803] Modern Minimalist LED Ceiling Light - Creative Design...
════════════════════════════════════════════════════════════════════════
  Modern Minimalist LED Ceiling Light - Creative Design
════════════════════════════════════════════════════════════════════════
  Medusa ID:            prod_01KJJK6YVKRFW1P2D0Q0X0F7EF
  CJ SKU:               CJJT1501245
  Markup:               100%
  Pricing strategy:     min (for multi-match CJ variants)
  Shared dimensions:    finish
  CJ-only dimensions:   sizeCm
  Storefront variants:  2
  CJ variants:          4
  Matched:              2
  Unmatched:            0
  To update:            0
  Already correct:      2

  ── CJ Variant Tiers ──
    $29.82    → finish=white, sizeCm=38
    $35.60    → finish=white, sizeCm=46
    $29.82    → finish=black, sizeCm=38
    $35.60    → finish=black, sizeCm=46
  [61/803] Industrial Wrought Iron Single Head Chandelier...
════════════════════════════════════════════════════════════════════════
  Industrial Wrought Iron Single Head Chandelier
════════════════════════════════════════════════════════════════════════
  Medusa ID:            prod_01KJJK738Y4EXJWMFSJQ2XRJEQ
  CJ SKU:               CJTH1251938
  Markup:               100%
  Pricing strategy:     min (for multi-match CJ variants)
  Shared dimensions:    finish, wattage
  CJ-only dimensions:   lightType
  Storefront variants:  4
  CJ variants:          6
  Matched:              3
  Unmatched:            1
  To update:            3
  Already correct:      0

  ── CJ Variant Tiers ──
    $5.28     → finish=white
    $6.14     → finish=white
    $6.14     → finish=white, lightType=warm light, wattage=4
    $6.48     → finish=white, lightType=warm light, wattage=6
    $4.82     → finish=black
    $5.62     → finish=black, lightType=warm light, wattage=4

  ── Planned Price Changes (3) ──
  Title                                      Current    CJ Cost    New        Delta
  ─────────────────────────────────────────────────────────────────────────────────────
  Black / 4W                                 $9.64      $5.62      $11.24     +$1.60
  White / 4W                                 $9.64      $6.14      $12.28     +$2.64
  White / 6W                                 $9.64      $6.48      $12.96     +$3.32

  ⚠ Unmatched Variants (1):
    Black / 6W — wattage=6, finish=black
  [62/803] Modern Outdoor Wall Light - Waterproof Villa Sconce...
════════════════════════════════════════════════════════════════════════
  Modern Outdoor Wall Light - Waterproof Villa Sconce
════════════════════════════════════════════════════════════════════════
  Medusa ID:            prod_01KJJK77VPMRZXYRWB6WXGY93P
  CJ SKU:               CJJT1314161
  Markup:               100%
  Pricing strategy:     min (for multi-match CJ variants)
  Shared dimensions:    finish, lightType, sizeCm
  CJ-only dimensions:   none
  Storefront variants:  24
  CJ variants:          6
  Matched:              0
  Unmatched:            24
  To update:            0
  Already correct:      0

  ── CJ Variant Tiers ──
    $13.91    → finish=white, lightType=warm light, sizeCm=30
    $19.21    → finish=white, lightType=warm light, sizeCm=60
    $13.91    → finish=white, sizeCm=30
    $19.21    → finish=white, sizeCm=60
    $19.21    → lightType=stepless dimming, sizeCm=30
    $24.51    → lightType=stepless dimming, sizeCm=60

  ⚠ Unmatched Variants (24):
    30cm / Pure white / WARM WHITE — sizeCm=30, lightType=warm white, finish=pure white
    30cm / Pure white / NEUTRAL LIGHT — sizeCm=30, lightType=neutral light, finish=pure white
    30cm / Neutral light / WARM WHITE — sizeCm=30, finish=neutral light, lightType=warm white
    30cm / Neutral light / NEUTRAL LIGHT — sizeCm=30, finish=neutral light, lightType=neutral light
    30cm / Three-color light / WARM WHITE — sizeCm=30, finish=three-color light, lightType=warm white
    30cm / Three-color light / NEUTRAL LIGHT — sizeCm=30, lightType=neutral light, finish=three-color light
    30cm / Warm white / WARM WHITE — sizeCm=30, lightType=warm white, finish=warm white
    30cm / Warm white / NEUTRAL LIGHT — sizeCm=30, lightType=neutral light, finish=warm white
    30cm / Black / WARM WHITE — sizeCm=30, lightType=warm white, finish=black
    30cm / Black / NEUTRAL LIGHT — sizeCm=30, lightType=neutral light, finish=black
    ... and 14 more
  [63/803] Stained Glass Wall Sconce - Corridor & Hallway Lighting...
════════════════════════════════════════════════════════════════════════
  Stained Glass Wall Sconce - Corridor & Hallway Lighting
════════════════════════════════════════════════════════════════════════
  Medusa ID:            prod_01KJJK7DBHVQ26JWA2C9RR19VY
  CJ SKU:               CJSN1332895
  Markup:               100%
  Pricing strategy:     min (for multi-match CJ variants)
  Shared dimensions:    none
  CJ-only dimensions:   wattage
  Storefront variants:  2
  CJ variants:          6
  Matched:              2
  Unmatched:            0
  To update:            0
  Already correct:      2

  ── CJ Variant Tiers ──
    $18.54    → wattage=7
    $15.64    → wattage=7
    $15.64    → wattage=7
    $17.09    → wattage=7
    $15.64    → wattage=7
    $18.54    → wattage=7
  [64/803] Industrial Iron Wall Sconce - Modern Corridor Light...
════════════════════════════════════════════════════════════════════════
  Industrial Iron Wall Sconce - Modern Corridor Light
════════════════════════════════════════════════════════════════════════
  Medusa ID:            prod_01KJJK7HTQ37E270D4SDZEEF8S
  CJ SKU:               CJSN1413733
  Markup:               100%
  Pricing strategy:     min (for multi-match CJ variants)
  Shared dimensions:    none
  CJ-only dimensions:   none
  Storefront variants:  48
  CJ variants:          10
  Matched:              48
  Unmatched:            0
  To update:            0
  Already correct:      48

  ── CJ Variant Tiers ──
    $22.34    → 
    $22.34    → 
    $22.34    → 
    $22.34    → 
    $22.34    → 
    $22.34    → 
    $25.13    → 
    $22.34    → 
    $22.34    → 
    $22.34    → 
  [65/803] Nordic Solid Wood Wall Sconce - Minimalist Design...
════════════════════════════════════════════════════════════════════════
  Nordic Solid Wood Wall Sconce - Minimalist Design
════════════════════════════════════════════════════════════════════════
  Medusa ID:            prod_01KJJKB9D1JZ76A0GNVCGFCJRE
  CJ SKU:               CJJT1471842
  Markup:               100%
  Pricing strategy:     min (for multi-match CJ variants)
  Shared dimensions:    wattage
  CJ-only dimensions:   lightType
  Storefront variants:  4
  CJ variants:          6
  Matched:              4
  Unmatched:            0
  To update:            3
  Already correct:      1

  ── CJ Variant Tiers ──
    $12.26    → lightType=warm light, wattage=8
    $14.82    → lightType=warm light, wattage=10
    $17.38    → lightType=warm light, wattage=12
    $14.82    → lightType=warm light, wattage=10
    $17.38    → lightType=warm light, wattage=12
    $19.94    → lightType=warm light, wattage=18

  ── Planned Price Changes (3) ──
  Title                                      Current    CJ Cost    New        Delta
  ─────────────────────────────────────────────────────────────────────────────────────
  10W                                        $24.52     $14.82     $29.64     +$5.12
  12W                                        $24.52     $17.38     $34.76     +$10.24
  18W                                        $24.52     $19.94     $39.88     +$15.36
  [66/803] Solar Torch Light - Waterproof LED Garden Flame Lamp...
════════════════════════════════════════════════════════════════════════
  Solar Torch Light - Waterproof LED Garden Flame Lamp
════════════════════════════════════════════════════════════════════════
  Medusa ID:            prod_01KJJKBE48YBZBQP1DM5M3CMCX
  CJ SKU:               CJJZHWTY00076
  Markup:               100%
  Pricing strategy:     min (for multi-match CJ variants)
  Shared dimensions:    finish
  CJ-only dimensions:   none
  Storefront variants:  16
  CJ variants:          12
  Matched:              4
  Unmatched:            12
  To update:            4
  Already correct:      0

  ── CJ Variant Tiers ──
    $4.61     → 
    $2.12     → 
    $8.03     → 
    $13.13    → 
    $16.94    → 
    $18.24    → 
    $3.32     → 
    $5.40     → 
    $6.57     → 
    $4.27     → 
    $6.90     → 
    $11.67    → finish=black

  ── Planned Price Changes (4) ──
  Title                                      Current    CJ Cost    New        Delta
  ─────────────────────────────────────────────────────────────────────────────────────
  2cm / Black                                $4.24      $11.67     $23.34     +$19.10
  32cm / Black                               $4.24      $11.67     $23.34     +$19.10
  30cm / Black                               $4.24      $11.67     $23.34     +$19.10
  20cm / Black                               $4.24      $11.67     $23.34     +$19.10

  ⚠ Unmatched Variants (12):
    2cm / Ful rotation — sizeCm=2, finish=ful rotation
    2cm / Second lock monochrome — sizeCm=2, finish=second lock monochrome
    2cm / Third gear colorful gradient — finish=third gear colorful gradient, sizeCm=2
    32cm / Ful rotation — sizeCm=32, finish=ful rotation
    32cm / Second lock monochrome — sizeCm=32, finish=second lock monochrome
    32cm / Third gear colorful gradient — finish=third gear colorful gradient, sizeCm=32
    30cm / Ful rotation — sizeCm=30, finish=ful rotation
    30cm / Second lock monochrome — finish=second lock monochrome, sizeCm=30
    30cm / Third gear colorful gradient — finish=third gear colorful gradient, sizeCm=30
    20cm / Ful rotation — finish=ful rotation, sizeCm=20
    ... and 2 more
  [67/803] Spherical Moon Globe Chandelier for Dining & Living Rooms...
════════════════════════════════════════════════════════════════════════
  Spherical Moon Globe Chandelier for Dining & Living Rooms
════════════════════════════════════════════════════════════════════════
  Medusa ID:            prod_01KJJKBJVJ3RTA83HDPD96KA6Z
  CJ SKU:               CJTH1291095
  Markup:               100%
  Pricing strategy:     min (for multi-match CJ variants)
  Shared dimensions:    sizeCm
  CJ-only dimensions:   lightType
  Storefront variants:  80
  CJ variants:          6
  Matched:              60
  Unmatched:            20
  To update:            40
  Already correct:      20

  ── CJ Variant Tiers ──
    $34.62    → sizeCm=20
    $44.75    → sizeCm=25
    $53.44    → sizeCm=30
    $33.17    → lightType=warm light, sizeCm=20
    $43.30    → lightType=warm light, sizeCm=25
    $58.49    → lightType=warm light, sizeCm=30

  ── Planned Price Changes (40) ──
  Title                                      Current    CJ Cost    New        Delta
  ─────────────────────────────────────────────────────────────────────────────────────
  25cm / 25cm-12w three-color light / 111V   $66.34     $43.30     $86.60     +$20.26
  25cm / 25cm-12w three-color light / 240V   $66.34     $43.30     $86.60     +$20.26
  25cm / Three-color light / 111V            $66.34     $43.30     $86.60     +$20.26
  25cm / Three-color light / 240V            $66.34     $43.30     $86.60     +$20.26
  25cm / 35cm-12w warm light / 111V          $66.34     $43.30     $86.60     +$20.26
  25cm / 35cm-12w warm light / 240V          $66.34     $43.30     $86.60     +$20.26
  25cm / 20cm-12w three-color light / 111V   $66.34     $43.30     $86.60     +$20.26
  25cm / 20cm-12w three-color light / 240V   $66.34     $43.30     $86.60     +$20.26
  25cm / 35cm-12w three-color light / 111V   $66.34     $43.30     $86.60     +$20.26
  25cm / 35cm-12w three-color light / 240V   $66.34     $43.30     $86.60     +$20.26
  25cm / 30cm-12w warm light / 111V          $66.34     $43.30     $86.60     +$20.26
  25cm / 30cm-12w warm light / 240V          $66.34     $43.30     $86.60     +$20.26
  25cm / 20cm-12w warm light / 111V          $66.34     $43.30     $86.60     +$20.26
  25cm / 20cm-12w warm light / 240V          $66.34     $43.30     $86.60     +$20.26
  25cm / Banquet hall / 111V                 $66.34     $43.30     $86.60     +$20.26
  25cm / Banquet hall / 240V                 $66.34     $43.30     $86.60     +$20.26
  25cm / 30cm-12w three-color light / 111V   $66.34     $43.30     $86.60     +$20.26
  25cm / 30cm-12w three-color light / 240V   $66.34     $43.30     $86.60     +$20.26
  25cm / White / 111V                        $66.34     $43.30     $86.60     +$20.26
  25cm / White / 240V                        $66.34     $43.30     $86.60     +$20.26
  30cm / 25cm-12w three-color light / 111V   $66.34     $53.44     $106.88    +$40.54
  30cm / 25cm-12w three-color light / 240V   $66.34     $53.44     $106.88    +$40.54
  30cm / Three-color light / 111V            $66.34     $53.44     $106.88    +$40.54
  30cm / Three-color light / 240V            $66.34     $53.44     $106.88    +$40.54
  30cm / 35cm-12w warm light / 111V          $66.34     $53.44     $106.88    +$40.54
  30cm / 35cm-12w warm light / 240V          $66.34     $53.44     $106.88    +$40.54
  30cm / 20cm-12w three-color light / 111V   $66.34     $53.44     $106.88    +$40.54
  30cm / 20cm-12w three-color light / 240V   $66.34     $53.44     $106.88    +$40.54
  30cm / 35cm-12w three-color light / 111V   $66.34     $53.44     $106.88    +$40.54
  30cm / 35cm-12w three-color light / 240V   $66.34     $53.44     $106.88    +$40.54
  ... and 10 more

  ⚠ Unmatched Variants (20):
    35cm / 25cm-12w three-color light / 111V — finish=25cm-12w three-color light, voltage=111, sizeCm=35
    35cm / 25cm-12w three-color light / 240V — finish=25cm-12w three-color light, voltage=240, sizeCm=35
    35cm / Three-color light / 111V — finish=three-color light, voltage=111, sizeCm=35
    35cm / Three-color light / 240V — finish=three-color light, voltage=240, sizeCm=35
    35cm / 35cm-12w warm light / 111V — finish=35cm-12w warm light, voltage=111, sizeCm=35
    35cm / 35cm-12w warm light / 240V — finish=35cm-12w warm light, voltage=240, sizeCm=35
    35cm / 20cm-12w three-color light / 111V — finish=20cm-12w three-color light, voltage=111, sizeCm=35
    35cm / 20cm-12w three-color light / 240V — finish=20cm-12w three-color light, voltage=240, sizeCm=35
    35cm / 35cm-12w three-color light / 111V — finish=35cm-12w three-color light, voltage=111, sizeCm=35
    35cm / 35cm-12w three-color light / 240V — finish=35cm-12w three-color light, voltage=240, sizeCm=35
    ... and 10 more
  [68/803] Eagle Statement Chandelier - Bold Wildlife Design...
════════════════════════════════════════════════════════════════════════
  Eagle Statement Chandelier - Bold Wildlife Design
════════════════════════════════════════════════════════════════════════
  Medusa ID:            prod_01KJJKBXPSPNXH94JTG8MDXV3A
  CJ SKU:               CJTH1629547
  Markup:               100%
  Pricing strategy:     min (for multi-match CJ variants)
  Shared dimensions:    none
  CJ-only dimensions:   finish, lightType
  Storefront variants:  1
  CJ variants:          6
  Matched:              1
  Unmatched:            0
  To update:            0
  Already correct:      1

  ── CJ Variant Tiers ──
    $126.88   → finish=white
    $126.88   → lightType=warm light
    $131.05   → 
    $89.31    → finish=white
    $89.31    → lightType=warm light
    $91.83    → 
  [69/803] Geometric Glass Candle Pendant Ornament...
════════════════════════════════════════════════════════════════════════
  Geometric Glass Candle Pendant Ornament
════════════════════════════════════════════════════════════════════════
  Medusa ID:            prod_01KJJKC21B3KTCXV5ZQ6S4FKD9
  CJ SKU:               CJSN1342628
  Markup:               100%
  Pricing strategy:     min (for multi-match CJ variants)
  Shared dimensions:    none
  CJ-only dimensions:   none
  Storefront variants:  6
  CJ variants:          5
  Matched:              6
  Unmatched:            0
  To update:            0
  Already correct:      6

  ── CJ Variant Tiers ──
    $5.00     → 
    $4.18     → 
    $3.74     → 
    $3.93     → 
    $3.98     → 
  [70/803] Modern Up Down Wall Sconce Light Fixture...
════════════════════════════════════════════════════════════════════════
  Modern Up Down Wall Sconce Light Fixture
════════════════════════════════════════════════════════════════════════
  Medusa ID:            prod_01KJJKC6NDAZHS40VSJ6N5D7H6
  CJ SKU:               CJJZLELE00637
  Markup:               100%
  Pricing strategy:     min (for multi-match CJ variants)
  Shared dimensions:    none
  CJ-only dimensions:   finish, lightType
  Storefront variants:  1
  CJ variants:          4
  Matched:              1
  Unmatched:            0
  To update:            0
  Already correct:      1

  ── CJ Variant Tiers ──
    $13.63    → finish=white, lightType=warm light
    $16.18    → finish=white, lightType=warm light
    $13.63    → finish=white
    $16.18    → finish=white
  [71/803] LED Bathroom Mirror Wall Light - Modern Vanity Lighting...
════════════════════════════════════════════════════════════════════════
  LED Bathroom Mirror Wall Light - Modern Vanity Lighting
════════════════════════════════════════════════════════════════════════
  Medusa ID:            prod_01KJJKCAWNSXZXBY2XWTDE764W
  CJ SKU:               CJSN1160551
  Markup:               100%
  Pricing strategy:     min (for multi-match CJ variants)
  Shared dimensions:    finish
  CJ-only dimensions:   sizeCm, lightType
  Storefront variants:  2
  CJ variants:          4
  Matched:              1
  Unmatched:            1
  To update:            0
  Already correct:      1

  ── CJ Variant Tiers ──
    $5.15     → finish=white, sizeCm=36
    $5.15     → finish=black, sizeCm=36
    $5.15     → finish=white, lightType=warm light, sizeCm=36
    $5.15     → finish=black, lightType=warm light, sizeCm=36

  ⚠ Unmatched Variants (1):
    White light — finish=white light
  [72/803] Solar LED Starburst Light - Decorative Firework Design...
════════════════════════════════════════════════════════════════════════
  Solar LED Starburst Light - Decorative Firework Design
════════════════════════════════════════════════════════════════════════
  Medusa ID:            prod_01KJJKCF7YKWEV42CCSQT3526H
  CJ SKU:               CJSN1051069
  Markup:               100%
  Pricing strategy:     min (for multi-match CJ variants)
  Shared dimensions:    none
  CJ-only dimensions:   none
  Storefront variants:  15
  CJ variants:          4
  Matched:              15
  Unmatched:            0
  To update:            0
  Already correct:      15

  ── CJ Variant Tiers ──
    $3.10     → 
    $3.25     → 
    $3.40     → 
    $3.72     → 
  [73/803] Solar LED Chandelier with Remote Control & Pull Cord...
════════════════════════════════════════════════════════════════════════
  Solar LED Chandelier with Remote Control & Pull Cord
════════════════════════════════════════════════════════════════════════
  Medusa ID:            prod_01KJJKCM70VWHT4GVBFS1C6ZHY
  CJ SKU:               CJSN1256220
  Markup:               100%
  Pricing strategy:     min (for multi-match CJ variants)
  Shared dimensions:    wattage
  CJ-only dimensions:   none
  Storefront variants:  2
  CJ variants:          1
  Matched:              1
  Unmatched:            1
  To update:            0
  Already correct:      1

  ── CJ Variant Tiers ──
    $8.54     → wattage=3

  ⚠ Unmatched Variants (1):
    5W — wattage=5
  [74/803] Modern LED Desk Lamp with Night Light Function...
════════════════════════════════════════════════════════════════════════
  Modern LED Desk Lamp with Night Light Function
════════════════════════════════════════════════════════════════════════
  Medusa ID:            prod_01KJJKCS8VTP5TZ49Z4GVZ9WKZ
  CJ SKU:               CJSN1133364
  Markup:               100%
  Pricing strategy:     min (for multi-match CJ variants)
  Shared dimensions:    none
  CJ-only dimensions:   none
  Storefront variants:  1
  CJ variants:          4
  Matched:              1
  Unmatched:            0
  To update:            0
  Already correct:      1

  ── CJ Variant Tiers ──
    $1.57     → 
    $1.57     → 
    $1.57     → 
    $1.57     → 
  [75/803] Modern Round Wall Sconce Light for Living Room...
════════════════════════════════════════════════════════════════════════
  Modern Round Wall Sconce Light for Living Room
════════════════════════════════════════════════════════════════════════
  Medusa ID:            prod_01KJJKCXKT42DSKQHD6YJQ0HTP
  CJ SKU:               CJSN1630451
  Markup:               100%
  Pricing strategy:     min (for multi-match CJ variants)
  Shared dimensions:    finish
  CJ-only dimensions:   lightType
  Storefront variants:  2
  CJ variants:          4
  Matched:              2
  Unmatched:            0
  To update:            0
  Already correct:      2

  ── CJ Variant Tiers ──
    $21.67    → finish=white, lightType=warm light
    $21.67    → finish=white, lightType=neutral
    $21.67    → finish=black, lightType=warm light
    $21.67    → finish=black, lightType=neutral
  [76/803] Modern Minimalist Single Drop Chandelier...
════════════════════════════════════════════════════════════════════════
  Modern Minimalist Single Drop Chandelier
════════════════════════════════════════════════════════════════════════
  Medusa ID:            prod_01KJJKD27FM17937D8ZG8D5FET
  CJ SKU:               CJJT1573849
  Markup:               100%
  Pricing strategy:     min (for multi-match CJ variants)
  Shared dimensions:    finish
  CJ-only dimensions:   lightType
  Storefront variants:  6
  CJ variants:          4
  Matched:              2
  Unmatched:            4
  To update:            0
  Already correct:      2

  ── CJ Variant Tiers ──
    $63.48    → finish=gold, lightType=warm light
    $63.48    → finish=gold
    $63.48    → finish=black, lightType=warm light
    $63.48    → finish=black

  ⚠ Unmatched Variants (4):
    Black [height 70cm*30 width] — finish=black [height 70cm*30 width]
    Gold [height 70cm*30 width] — finish=gold [height 70cm*30 width]
    White — finish=white
    Silver — finish=silver
  [77/803] Retro Industrial Wire Cage Pendant Light...
════════════════════════════════════════════════════════════════════════
  Retro Industrial Wire Cage Pendant Light
════════════════════════════════════════════════════════════════════════
  Medusa ID:            prod_01KJJKD7030RJZ58FC6S47QKXF
  CJ SKU:               CJJT1383123
  Markup:               100%
  Pricing strategy:     min (for multi-match CJ variants)
  Shared dimensions:    none
  CJ-only dimensions:   finish
  Storefront variants:  1
  CJ variants:          6
  Matched:              1
  Unmatched:            0
  To update:            0
  Already correct:      1

  ── CJ Variant Tiers ──
    $1.34     → finish=gold
    $1.34     → finish=silver
    $1.34     → finish=black
    $1.34     → 
    $1.34     → 
    $1.34     → 
  [78/803] Solar LED Stair Lights - Waterproof Outdoor Step Lighting...
════════════════════════════════════════════════════════════════════════
  Solar LED Stair Lights - Waterproof Outdoor Step Lighting
════════════════════════════════════════════════════════════════════════
  Medusa ID:            prod_01KJJKDBBBJRZAEBGHT3GZXH6W
  CJ SKU:               CJLE1217028
  Markup:               100%
  Pricing strategy:     min (for multi-match CJ variants)
  Shared dimensions:    none
  CJ-only dimensions:   none
  Storefront variants:  1
  CJ variants:          3
  Matched:              1
  Unmatched:            0
  To update:            0
  Already correct:      1

  ── CJ Variant Tiers ──
    $3.02     → 
    $11.92    → 
    $17.88    → 
  [79/803] Solar LED Wall Light with Shadow Pattern...
════════════════════════════════════════════════════════════════════════
  Solar LED Wall Light with Shadow Pattern
════════════════════════════════════════════════════════════════════════
  Medusa ID:            prod_01KJJKDFQ71RE3XCHNZZA9FYX5
  CJ SKU:               CJSN1108867
  Markup:               100%
  Pricing strategy:     min (for multi-match CJ variants)
  Shared dimensions:    none
  CJ-only dimensions:   lightType, finish
  Storefront variants:  1
  CJ variants:          2
  Matched:              1
  Unmatched:            0
  To update:            0
  Already correct:      1

  ── CJ Variant Tiers ──
    $2.98     → lightType=warm light
    $2.98     → finish=white
  [80/803] Luxury Copper Crystal Bedside Chandelier...
════════════════════════════════════════════════════════════════════════
  Luxury Copper Crystal Bedside Chandelier
════════════════════════════════════════════════════════════════════════
  Medusa ID:            prod_01KJJKDM4E9M6ZN5EVZXJ7C47X
  CJ SKU:               CJJT1621919
  Markup:               100%
  Pricing strategy:     min (for multi-match CJ variants)
  Shared dimensions:    none
  CJ-only dimensions:   finish, lightType
  Storefront variants:  1
  CJ variants:          2
  Matched:              1
  Unmatched:            0
  To update:            0
  Already correct:      1

  ── CJ Variant Tiers ──
    $21.53    → finish=copper, lightType=warm light
    $21.53    → finish=copper, lightType=neutral
  [81/803] Waterproof LED Step Light for Outdoor Pathways...
════════════════════════════════════════════════════════════════════════
  Waterproof LED Step Light for Outdoor Pathways
════════════════════════════════════════════════════════════════════════
  Medusa ID:            prod_01KJJKDRRC8T3YCGYGBX2CXFSY
  CJ SKU:               CJJZHWTY00277
  Markup:               100%
  Pricing strategy:     min (for multi-match CJ variants)
  Shared dimensions:    none
  CJ-only dimensions:   finish, lightType, wattage
  Storefront variants:  1
  CJ variants:          8
  Matched:              1
  Unmatched:            0
  To update:            0
  Already correct:      1

  ── CJ Variant Tiers ──
    $2.30     → finish=black, lightType=warm light, wattage=3
    $4.10     → finish=white, wattage=3
    $2.30     → finish=white, wattage=3
    $2.30     → finish=black, wattage=3
    $4.10     → finish=black, wattage=3
    $2.30     → finish=white, lightType=warm light, wattage=3
    $4.10     → finish=white, wattage=3
    $4.10     → finish=black, wattage=3
  [82/803] Recessed LED Step Light - Waterproof Outdoor Guide...
════════════════════════════════════════════════════════════════════════
  Recessed LED Step Light - Waterproof Outdoor Guide
════════════════════════════════════════════════════════════════════════
  Medusa ID:            prod_01KJJKDX8TDB60F7FHQZPVCKFK
  CJ SKU:               CJJT1571913
  Markup:               100%
  Pricing strategy:     min (for multi-match CJ variants)
  Shared dimensions:    finish
  CJ-only dimensions:   none
  Storefront variants:  9
  CJ variants:          39
  Matched:              4
  Unmatched:            5
  To update:            0
  Already correct:      4

  ── CJ Variant Tiers ──
    $7.12     → finish=white
    $10.84    → finish=white
    $11.88    → finish=white
    $7.12     → finish=black
    $10.84    → finish=black
    $11.88    → finish=black
    $7.12     → 
    $10.84    → 
    $11.88    → 
    $7.12     → finish=silver
    $10.84    → finish=silver
    $11.88    → finish=silver
    $7.12     → finish=gold
    $10.84    → finish=gold
    $11.88    → finish=gold
    $10.10    → finish=white
    $14.69    → finish=white
    $16.32    → finish=white
    $10.10    → finish=black
    $14.69    → finish=black
    $16.32    → finish=black
    $10.10    → finish=silver
    $14.69    → finish=silver
    $16.32    → finish=silver
    $10.10    → finish=gold
    $14.69    → finish=gold
    $16.32    → finish=gold
    $10.10    → finish=black
    $14.69    → finish=black
    $16.32    → finish=black
    $10.10    → 
    $14.69    → 
    $16.32    → 
    $11.58    → finish=white
    $14.69    → finish=white
    $27.90    → finish=white
    $7.12     → finish=white
    $10.84    → finish=white
    $11.88    → finish=white

  ⚠ Unmatched Variants (5):
    Frosted white — finish=frosted white
    Frosted black — finish=frosted black
    Brushed white — finish=brushed white
    Brushed silver — finish=brushed silver
    Frosted — finish=frosted
  [83/803] 16-Inch LED Recessed Downlight - Modern Ceiling Light...
════════════════════════════════════════════════════════════════════════
  16-Inch LED Recessed Downlight - Modern Ceiling Light
════════════════════════════════════════════════════════════════════════
  Medusa ID:            prod_01KJJKE2F93WG7JW5E2ZSBFAMF
  CJ SKU:               CJTH1448936
  Markup:               100%
  Pricing strategy:     min (for multi-match CJ variants)
  Shared dimensions:    finish, lightType
  CJ-only dimensions:   wattage
  Storefront variants:  36
  CJ variants:          3
  Matched:              0
  Unmatched:            36
  To update:            0
  Already correct:      0

  ── CJ Variant Tiers ──
    $1.18     → wattage=7
    $1.18     → finish=white, lightType=warm light, wattage=7
    $1.18     → finish=white, wattage=7

  ⚠ Unmatched Variants (36):
    10cm / Warm yellow light (3000k) / WARM WHITE — finish=warm yellow light (3000k), lightType=warm white, sizeCm=10
    10cm / Warm yellow light (3000k) / 3000K — lightType=3000k, finish=warm yellow light (3000k), sizeCm=10
    10cm / Warm yellow light (3000k) / 4000K — finish=warm yellow light (3000k), sizeCm=10, lightType=4000k
    10cm / Warm yellow light (3000k) / 6000K — finish=warm yellow light (3000k), sizeCm=10, lightType=6000k
    10cm / Warm white light (4000k) / WARM WHITE — lightType=warm white, sizeCm=10, finish=warm white light (4000k)
    10cm / Warm white light (4000k) / 3000K — lightType=3000k, sizeCm=10, finish=warm white light (4000k)
    10cm / Warm white light (4000k) / 4000K — sizeCm=10, lightType=4000k, finish=warm white light (4000k)
    10cm / Warm white light (4000k) / 6000K — sizeCm=10, lightType=6000k, finish=warm white light (4000k)
    10cm / White / WARM WHITE — lightType=warm white, sizeCm=10, finish=white
    10cm / White / 3000K — lightType=3000k, sizeCm=10, finish=white
    ... and 26 more
  [84/803] Solar LED Stair Light for Garden & Courtyard Pathways...
════════════════════════════════════════════════════════════════════════
  Solar LED Stair Light for Garden & Courtyard Pathways
════════════════════════════════════════════════════════════════════════
  Medusa ID:            prod_01KJJKE8E0NZK8ZNCJK0C5KS1Q
  CJ SKU:               CJJZHWTY00239
  Markup:               100%
  Pricing strategy:     min (for multi-match CJ variants)
  Shared dimensions:    finish
  CJ-only dimensions:   lightType
  Storefront variants:  5
  CJ variants:          2
  Matched:              1
  Unmatched:            4
  To update:            0
  Already correct:      1

  ── CJ Variant Tiers ──
    $1.60     → lightType=warm light
    $1.60     → finish=white

  ⚠ Unmatched Variants (4):
    Courtyard — finish=courtyard
    Aisle — finish=aisle
    Ladder — finish=ladder
    Etc — finish=etc
  [85/803] Nordic Creative Wall Light for Living Rooms & Corridors...
════════════════════════════════════════════════════════════════════════
  Nordic Creative Wall Light for Living Rooms & Corridors
════════════════════════════════════════════════════════════════════════
  Medusa ID:            prod_01KJJKED1WGC0XD9J8MCEJ4HYC
  CJ SKU:               CJJT1219135
  Markup:               100%
  Pricing strategy:     min (for multi-match CJ variants)
  Shared dimensions:    finish
  CJ-only dimensions:   lightType
  Storefront variants:  36
  CJ variants:          6
  Matched:              24
  Unmatched:            12
  To update:            0
  Already correct:      24

  ── CJ Variant Tiers ──
    $24.92    → finish=white, lightType=3 color
    $23.66    → finish=white, lightType=warm light
    $24.92    → finish=black, lightType=3 color
    $23.66    → finish=black, lightType=warm light
    $24.92    → lightType=3 color
    $23.66    → lightType=warm light

  ⚠ Unmatched Variants (12):
    Gray / 6W / 111V / E14 — voltage=111, finish=gray, wattage=6
    Gray / 6W / 111V / E27 — voltage=111, finish=gray, wattage=6
    Gray / 6W / 240V / E14 — voltage=240, finish=gray, wattage=6
    Gray / 6W / 240V / E27 — voltage=240, finish=gray, wattage=6
    Gray / 6W / 220V / E14 — finish=gray, wattage=6, voltage=220
    Gray / 6W / 220V / E27 — finish=gray, wattage=6, voltage=220
    Gray / 10W / 111V / E14 — voltage=111, wattage=10, finish=gray
    Gray / 10W / 111V / E27 — voltage=111, wattage=10, finish=gray
    Gray / 10W / 240V / E14 — voltage=240, wattage=10, finish=gray
    Gray / 10W / 240V / E27 — voltage=240, wattage=10, finish=gray
    ... and 2 more
  [86/803] Industrial Iron Cage Chandelier - Vintage Wrought Metal...
════════════════════════════════════════════════════════════════════════
  Industrial Iron Cage Chandelier - Vintage Wrought Metal
════════════════════════════════════════════════════════════════════════
  Medusa ID:            prod_01KJJKENPERV1C4P6NG9RD56Y7
  CJ SKU:               CJSN1114289
  Markup:               100%
  Pricing strategy:     min (for multi-match CJ variants)
  Shared dimensions:    finish
  CJ-only dimensions:   lightType
  Storefront variants:  10
  CJ variants:          20
  Matched:              0
  Unmatched:            10
  To update:            0
  Already correct:      0

  ── CJ Variant Tiers ──
    $2.48     → 
    $3.07     → lightType=warm light
    $3.07     → finish=white
    $3.21     → lightType=3 color
    $2.48     → 
    $3.07     → lightType=warm light
    $3.07     → finish=white
    $3.21     → lightType=3 color
    $2.48     → 
    $3.07     → lightType=warm light
    $3.07     → finish=white
    $3.21     → lightType=3 color
    $2.48     → 
    $3.07     → lightType=warm light
    $3.07     → finish=white
    $3.21     → lightType=3 color
    $2.48     → 
    $3.07     → lightType=warm light
    $3.07     → finish=white
    $3.21     → lightType=3 color

  ⚠ Unmatched Variants (10):
    Medium waist — finish=medium waist
    Small iron cage — finish=small iron cage
    Big flower — finish=big flower
    Circular chandelier — finish=circular chandelier
    Small flower — finish=small flower
    Square line — finish=square line
    M iron line — finish=m iron line
    Triangle iron — finish=triangle iron
    Square iron — finish=square iron
    Ellipse — finish=ellipse
  [87/803] Nordic Minimalist LED Table Lamp for Bedroom...
════════════════════════════════════════════════════════════════════════
  Nordic Minimalist LED Table Lamp for Bedroom
════════════════════════════════════════════════════════════════════════
  Medusa ID:            prod_01KJJKEV0HEYCTH5BWPDJXVW3Q
  CJ SKU:               CJJT1044814
  Markup:               100%
  Pricing strategy:     min (for multi-match CJ variants)
  Shared dimensions:    none
  CJ-only dimensions:   finish
  Storefront variants:  4
  CJ variants:          28
  Matched:              4
  Unmatched:            0
  To update:            0
  Already correct:      4

  ── CJ Variant Tiers ──
    $22.35    → finish=black
    $12.29    → finish=black
    $22.35    → finish=black
    $22.35    → finish=black
    $27.74    → finish=black
    $12.29    → finish=black
    $27.74    → finish=black
    $27.74    → finish=black
    $22.35    → finish=white
    $12.29    → finish=white
    $22.35    → finish=white
    $22.35    → finish=white
    $27.74    → finish=white
    $12.29    → finish=white
    $27.74    → finish=white
    $27.74    → finish=white
    $12.11    → finish=black
    $11.61    → finish=black
    $12.44    → finish=black
    $12.27    → finish=black
    $12.11    → finish=black
    $11.61    → finish=black
    $12.44    → finish=black
    $12.27    → finish=black
    $12.11    → finish=black
    $11.61    → finish=black
    $12.44    → finish=black
    $12.27    → finish=black
  [88/803] Modern Wrought Iron Bedside Wall Sconce...
════════════════════════════════════════════════════════════════════════
  Modern Wrought Iron Bedside Wall Sconce
════════════════════════════════════════════════════════════════════════
  Medusa ID:            prod_01KJJKEZJ82QH5HPZTR3CR71FE
  CJ SKU:               CJJT1405613
  Markup:               100%
  Pricing strategy:     min (for multi-match CJ variants)
  Shared dimensions:    finish
  CJ-only dimensions:   wattage, lightType
  Storefront variants:  3
  CJ variants:          6
  Matched:              1
  Unmatched:            2
  To update:            0
  Already correct:      1

  ── CJ Variant Tiers ──
    $13.07    → finish=white, wattage=7
    $13.07    → lightType=warm light, wattage=7
    $13.07    → finish=white, wattage=7
    $13.07    → finish=white, lightType=warm light, wattage=7
    $13.07    → finish=white, wattage=7
    $13.07    → lightType=warm light, wattage=7

  ⚠ Unmatched Variants (2):
    Green — finish=green
    Grey — finish=grey
  [89/803] Bamboo Woven Chandelier - Chinese Pastoral Design...
════════════════════════════════════════════════════════════════════════
  Bamboo Woven Chandelier - Chinese Pastoral Design
════════════════════════════════════════════════════════════════════════
  Medusa ID:            prod_01KJJKF3ZKV4MRT7XGRXC28QG1
  CJ SKU:               CJJT1178214
  Markup:               100%
  Pricing strategy:     min (for multi-match CJ variants)
  Shared dimensions:    none
  CJ-only dimensions:   none
  Storefront variants:  4
  CJ variants:          1
  Matched:              4
  Unmatched:            0
  To update:            0
  Already correct:      4

  ── CJ Variant Tiers ──
    $22.65    → 
  [90/803] Modern Designer Bedside Table Lamp...
════════════════════════════════════════════════════════════════════════
  Modern Designer Bedside Table Lamp
════════════════════════════════════════════════════════════════════════
  Medusa ID:            prod_01KJJKF8HMJAFCFPPCTWE6D9TN
  CJ SKU:               CJJT1611376
  Markup:               100%
  Pricing strategy:     min (for multi-match CJ variants)
  Shared dimensions:    none
  CJ-only dimensions:   voltage, wattage
  Storefront variants:  4
  CJ variants:          6
  Matched:              4
  Unmatched:            0
  To update:            0
  Already correct:      4

  ── CJ Variant Tiers ──
    $33.39    → voltage=220
    $34.13    → voltage=220, wattage=12
    $56.39    → voltage=220
    $57.13    → voltage=220, wattage=12
    $62.55    → wattage=12
    $33.56    → wattage=12
  [91/803] Nordic Single Head Mini Chandelier for Modern Offices...
════════════════════════════════════════════════════════════════════════
  Nordic Single Head Mini Chandelier for Modern Offices
════════════════════════════════════════════════════════════════════════
  Medusa ID:            prod_01KJJKFCZB3AETYCM82ZGT9HPQ
  CJ SKU:               CJTH1451134
  Markup:               100%
  Pricing strategy:     min (for multi-match CJ variants)
  Shared dimensions:    none
  CJ-only dimensions:   none
  Storefront variants:  3
  CJ variants:          3
  Matched:              3
  Unmatched:            0
  To update:            0
  Already correct:      3

  ── CJ Variant Tiers ──
    $20.44    → 
    $20.44    → 
    $20.44    → 
  [92/803] Modern Minimalist Bedside Table Lamp...
════════════════════════════════════════════════════════════════════════
  Modern Minimalist Bedside Table Lamp
════════════════════════════════════════════════════════════════════════
  Medusa ID:            prod_01KJJKFHGMG5W7E92QABFABSJN
  CJ SKU:               CJJT1608017
  Markup:               100%
  Pricing strategy:     min (for multi-match CJ variants)
  Shared dimensions:    none
  CJ-only dimensions:   none
  Storefront variants:  2
  CJ variants:          8
  Matched:              2
  Unmatched:            0
  To update:            0
  Already correct:      2

  ── CJ Variant Tiers ──
    $31.02    → 
    $32.50    → 
    $32.50    → 
    $32.50    → 
    $28.20    → 
    $29.68    → 
    $29.68    → 
    $29.68    → 
  [93/803] Creative Designer Table Lamp - Modern Personality Accent...
════════════════════════════════════════════════════════════════════════
  Creative Designer Table Lamp - Modern Personality Accent
════════════════════════════════════════════════════════════════════════
  Medusa ID:            prod_01KJJKFNXAA42T46F5HWA17NPZ
  CJ SKU:               CJJT1503237
  Markup:               100%
  Pricing strategy:     min (for multi-match CJ variants)
  Shared dimensions:    finish
  CJ-only dimensions:   none
  Storefront variants:  4
  CJ variants:          8
  Matched:              2
  Unmatched:            2
  To update:            0
  Already correct:      2

  ── CJ Variant Tiers ──
    $32.37    → finish=black
    $32.37    → finish=black
    $32.37    → finish=black
    $32.37    → finish=black
    $32.37    → finish=white
    $32.37    → finish=white
    $32.37    → finish=white
    $32.37    → finish=white

  ⚠ Unmatched Variants (2):
    Amber — finish=amber
    Smoke — finish=smoke
  [94/803] Postmodern Designer Bedroom Table Lamp...
════════════════════════════════════════════════════════════════════════
  Postmodern Designer Bedroom Table Lamp
════════════════════════════════════════════════════════════════════════
  Medusa ID:            prod_01KJJKFVYMY4PNVYS4BGFR4P98
  CJ SKU:               CJZN1281146
  Markup:               100%
  Pricing strategy:     min (for multi-match CJ variants)
  Shared dimensions:    none
  CJ-only dimensions:   lightType
  Storefront variants:  1
  CJ variants:          4
  Matched:              1
  Unmatched:            0
  To update:            0
  Already correct:      1

  ── CJ Variant Tiers ──
    $27.22    → lightType=warm light
    $27.22    → lightType=warm light
    $27.22    → lightType=warm light
    $27.22    → lightType=warm light
  [95/803] Creative Designer Table Lamp for Living Room & Bedroom...
════════════════════════════════════════════════════════════════════════
  Creative Designer Table Lamp for Living Room & Bedroom
════════════════════════════════════════════════════════════════════════
  Medusa ID:            prod_01KJJKG08H3SRVXMS52211ZP1K
  CJ SKU:               CJSN1610711
  Markup:               100%
  Pricing strategy:     min (for multi-match CJ variants)
  Shared dimensions:    none
  CJ-only dimensions:   none
  Storefront variants:  4
  CJ variants:          4
  Matched:              4
  Unmatched:            0
  To update:            0
  Already correct:      4

  ── CJ Variant Tiers ──
    $33.39    → 
    $34.13    → 
    $56.39    → 
    $57.13    → 
  [96/803] Nordic Designer Bedroom Wall Light - Luxury Modern Sconce...
════════════════════════════════════════════════════════════════════════
  Nordic Designer Bedroom Wall Light - Luxury Modern Sconce
════════════════════════════════════════════════════════════════════════
  Medusa ID:            prod_01KJJKG535E7JEWRA6CPASCDPJ
  CJ SKU:               CJJT1299341
  Markup:               100%
  Pricing strategy:     min (for multi-match CJ variants)
  Shared dimensions:    heads
  CJ-only dimensions:   none
  Storefront variants:  48
  CJ variants:          2
  Matched:              24
  Unmatched:            24
  To update:            12
  Already correct:      12

  ── CJ Variant Tiers ──
    $41.79    → heads=6
    $53.29    → heads=8

  ── Planned Price Changes (12) ──
  Title                                      Current    CJ Cost    New        Delta
  ─────────────────────────────────────────────────────────────────────────────────────
  77cm / 6 heads three colors / 8 Lights     $83.58     $53.29     $106.58    +$23.00
  77cm / 8 heads three colors / 8 Lights     $83.58     $53.29     $106.58    +$23.00
  77cm / 10 heads three colors / 8 Lights    $83.58     $53.29     $106.58    +$23.00
  77cm / Bedroom / 8 Lights                  $83.58     $53.29     $106.58    +$23.00
  77cm / Study room / 8 Lights               $83.58     $53.29     $106.58    +$23.00
  77cm / Dining room / 8 Lights              $83.58     $53.29     $106.58    +$23.00
  80cm / 6 heads three colors / 8 Lights     $83.58     $53.29     $106.58    +$23.00
  80cm / 8 heads three colors / 8 Lights     $83.58     $53.29     $106.58    +$23.00
  80cm / 10 heads three colors / 8 Lights    $83.58     $53.29     $106.58    +$23.00
  80cm / Bedroom / 8 Lights                  $83.58     $53.29     $106.58    +$23.00
  80cm / Study room / 8 Lights               $83.58     $53.29     $106.58    +$23.00
  80cm / Dining room / 8 Lights              $83.58     $53.29     $106.58    +$23.00

  ⚠ Unmatched Variants (24):
    77cm / 6 heads three colors / 10 Lights — heads=10, finish=6 heads three colors, sizeCm=77
    77cm / 6 heads three colors / 12 Lights — finish=6 heads three colors, heads=12, sizeCm=77
    77cm / 8 heads three colors / 10 Lights — heads=10, finish=8 heads three colors, sizeCm=77
    77cm / 8 heads three colors / 12 Lights — finish=8 heads three colors, heads=12, sizeCm=77
    77cm / 10 heads three colors / 10 Lights — heads=10, finish=10 heads three colors, sizeCm=77
    77cm / 10 heads three colors / 12 Lights — heads=12, finish=10 heads three colors, sizeCm=77
    77cm / Bedroom / 10 Lights — heads=10, finish=bedroom, sizeCm=77
    77cm / Bedroom / 12 Lights — finish=bedroom, heads=12, sizeCm=77
    77cm / Study room / 10 Lights — heads=10, finish=study room, sizeCm=77
    77cm / Study room / 12 Lights — heads=12, finish=study room, sizeCm=77
    ... and 14 more
  [97/803] Italian Crystal Ceiling Lamp - Luxury Modern Design...
════════════════════════════════════════════════════════════════════════
  Italian Crystal Ceiling Lamp - Luxury Modern Design
════════════════════════════════════════════════════════════════════════
  Medusa ID:            prod_01KJJKGC94HF6133S32JWA77VW
  CJ SKU:               CJJT1625108
  Markup:               100%
  Pricing strategy:     min (for multi-match CJ variants)
  Shared dimensions:    sizeCm
  CJ-only dimensions:   lightType
  Storefront variants:  3
  CJ variants:          6
  Matched:              3
  Unmatched:            0
  To update:            2
  Already correct:      1

  ── CJ Variant Tiers ──
    $42.30    → sizeCm=50
    $48.23    → lightType=stepless dimming, sizeCm=50
    $51.93    → sizeCm=60
    $57.88    → lightType=stepless dimming, sizeCm=60
    $66.78    → sizeCm=80
    $73.90    → lightType=stepless dimming, sizeCm=80

  ── Planned Price Changes (2) ──
  Title                                      Current    CJ Cost    New        Delta
  ─────────────────────────────────────────────────────────────────────────────────────
  60cm                                       $84.60     $51.93     $103.86    +$19.26
  80cm                                       $84.60     $66.78     $133.56    +$48.96
  [98/803] Modern Minimalist Bedside Table Lamp for Bedroom Study...
════════════════════════════════════════════════════════════════════════
  Modern Minimalist Bedside Table Lamp for Bedroom Study
════════════════════════════════════════════════════════════════════════
  Medusa ID:            prod_01KJJKGGVBNYPD2JN1PGPKDR6F
  CJ SKU:               CJJT1547558
  Markup:               100%
  Pricing strategy:     min (for multi-match CJ variants)
  Shared dimensions:    none
  CJ-only dimensions:   finish
  Storefront variants:  4
  CJ variants:          1
  Matched:              4
  Unmatched:            0
  To update:            0
  Already correct:      4

  ── CJ Variant Tiers ──
    $58.53    → finish=black
  [99/803] Modern Round Chandelier - Ultra-Thin 3-Light Design...
════════════════════════════════════════════════════════════════════════
  Modern Round Chandelier - Ultra-Thin 3-Light Design
════════════════════════════════════════════════════════════════════════
  Medusa ID:            prod_01KJJKGNNX32Q24BVFP8HJSNMV
  CJ SKU:               CJJT1421841
  Markup:               100%
  Pricing strategy:     min (for multi-match CJ variants)
  Shared dimensions:    finish
  CJ-only dimensions:   lightType, sizeCm
  Storefront variants:  4
  CJ variants:          4
  Matched:              4
  Unmatched:            0
  To update:            2
  Already correct:      2

  ── CJ Variant Tiers ──
    $13.84    → finish=black
    $13.84    → finish=white
    $13.84    → 
    $8.79     → finish=white, lightType=warm light, sizeCm=23

  ── Planned Price Changes (2) ──
  Title                                      Current    CJ Cost    New        Delta
  ─────────────────────────────────────────────────────────────────────────────────────
  Black / 111V                               $17.58     $13.84     $27.68     +$10.10
  Black / 240V                               $17.58     $13.84     $27.68     +$10.10
  [100/803] Modern Cement Glass Table Lamp - Industrial Minimalist...
════════════════════════════════════════════════════════════════════════
  Modern Cement Glass Table Lamp - Industrial Minimalist
════════════════════════════════════════════════════════════════════════
  Medusa ID:            prod_01KJJKGTAJYT7Y2WS9FJXGT2GC
  CJ SKU:               CJJZSNSN00668
  Markup:               100%
  Pricing strategy:     min (for multi-match CJ variants)
  Shared dimensions:    none
  CJ-only dimensions:   none
  Storefront variants:  42
  CJ variants:          16
  Matched:              42
  Unmatched:            0
  To update:            0
  Already correct:      42

  ── CJ Variant Tiers ──
    $22.22    → 
    $25.00    → 
    $22.22    → 
    $25.00    → 
    $24.19    → 
    $21.51    → 
    $24.19    → 
    $21.51    → 
    $22.39    → 
    $19.90    → 
    $22.39    → 
    $19.90    → 
    $25.00    → 
    $25.00    → 
    $22.22    → 
    $22.22    → 
  [101/803] Modern Minimalist Duplex Living Room Chandelier...
════════════════════════════════════════════════════════════════════════
  Modern Minimalist Duplex Living Room Chandelier
════════════════════════════════════════════════════════════════════════
  Medusa ID:            prod_01KJJKH1D1PTRAPVCRX8N9NZZC
  CJ SKU:               CJJT1587804
  Markup:               100%
  Pricing strategy:     min (for multi-match CJ variants)
  Shared dimensions:    finish
  CJ-only dimensions:   wattage, lightType
  Storefront variants:  6
  CJ variants:          18
  Matched:              3
  Unmatched:            3
  To update:            0
  Already correct:      3

  ── CJ Variant Tiers ──
    $17.81    → finish=white, wattage=63
    $17.81    → finish=white, lightType=3 color, wattage=63
    $17.81    → finish=white, wattage=63
    $17.81    → finish=white, wattage=74
    $17.81    → finish=white, lightType=3 color, wattage=74
    $17.81    → finish=white, wattage=74
    $17.81    → finish=black, wattage=63
    $17.81    → finish=black, lightType=3 color, wattage=63
    $17.81    → finish=black, wattage=63
    $17.81    → finish=black, wattage=74
    $17.81    → finish=black, lightType=3 color, wattage=74
    $17.81    → finish=black, wattage=74
    $17.81    → finish=gold, wattage=63
    $17.81    → finish=gold, lightType=3 color, wattage=63
    $17.81    → finish=gold, wattage=63
    $17.81    → finish=gold, wattage=74
    $17.81    → finish=gold, lightType=3 color, wattage=74
    $17.81    → finish=gold, wattage=74

  ⚠ Unmatched Variants (3):
    White light color: monochrome — finish=white light color: monochrome
    Tri-color light — finish=tri-color light
    Monochrome — finish=monochrome
  [102/803] Nordic Round Glass Pendant Light...
════════════════════════════════════════════════════════════════════════
  Nordic Round Glass Pendant Light
════════════════════════════════════════════════════════════════════════
  Medusa ID:            prod_01KJJKH62EWTEZW505WFHT975D
  CJ SKU:               CJJT1239755
  Markup:               100%
  Pricing strategy:     min (for multi-match CJ variants)
  Shared dimensions:    none
  CJ-only dimensions:   finish, sizeCm, lightType
  Storefront variants:  1
  CJ variants:          9
  Matched:              1
  Unmatched:            0
  To update:            0
  Already correct:      1

  ── CJ Variant Tiers ──
    $21.15    → finish=black, sizeCm=20
    $9.44     → finish=black, lightType=warm light, sizeCm=20
    $9.44     → finish=black, sizeCm=20
    $23.66    → finish=gold, sizeCm=20
    $11.33    → finish=gold, lightType=warm light, sizeCm=20
    $11.33    → finish=gold, sizeCm=20
    $21.15    → finish=white, sizeCm=20
    $9.44     → finish=white, lightType=warm light, sizeCm=20
    $9.44     → finish=white, sizeCm=20
  [103/803] Modern Minimalist Ceiling Light - Living Room Fixture...
════════════════════════════════════════════════════════════════════════
  Modern Minimalist Ceiling Light - Living Room Fixture
════════════════════════════════════════════════════════════════════════
  Medusa ID:            prod_01KJJKHAB1J19J6QWCWZACWPWY
  CJ SKU:               CJJT1477429
  Markup:               100%
  Pricing strategy:     min (for multi-match CJ variants)
  Shared dimensions:    finish
  CJ-only dimensions:   heads, sizeCm
  Storefront variants:  6
  CJ variants:          3
  Matched:              0
  Unmatched:            6
  To update:            0
  Already correct:      0

  ── CJ Variant Tiers ──
    $40.54    → heads=2, finish=black, sizeCm=48
    $44.30    → heads=2, finish=black, sizeCm=48
    $52.82    → heads=2, finish=black, sizeCm=48

  ⚠ Unmatched Variants (6):
    Temperature: white light / 240V — voltage=240, finish=temperature: white light
    Temperature: white light / 110-240V (Universal) — finish=temperature: white light, voltage=110
    Three-color light / 240V — voltage=240, finish=three-color light
    Three-color light / 110-240V (Universal) — finish=three-color light, voltage=110
    White / 240V — voltage=240, finish=white
    White / 110-240V (Universal) — voltage=110, finish=white
  [104/803] Modern Minimalist Table Lamp for Bedroom & Bar...
════════════════════════════════════════════════════════════════════════
  Modern Minimalist Table Lamp for Bedroom & Bar
════════════════════════════════════════════════════════════════════════
  Medusa ID:            prod_01KJJKHF4229CEXRWEK67794ZF
  CJ SKU:               CJJT1468031
  Markup:               100%
  Pricing strategy:     min (for multi-match CJ variants)
  Shared dimensions:    none
  CJ-only dimensions:   none
  Storefront variants:  3
  CJ variants:          4
  Matched:              3
  Unmatched:            0
  To update:            0
  Already correct:      3

  ── CJ Variant Tiers ──
    $17.88    → 
    $17.88    → 
    $17.88    → 
    $17.88    → 
  [105/803] Modern LED Ring Chandelier - Minimalist Circle Design...
════════════════════════════════════════════════════════════════════════
  Modern LED Ring Chandelier - Minimalist Circle Design
════════════════════════════════════════════════════════════════════════
  Medusa ID:            prod_01KJJKHKFKF4159YCHQ86Z6997
  CJ SKU:               CJJT1614901
  Markup:               100%
  Pricing strategy:     min (for multi-match CJ variants)
  Shared dimensions:    finish, sizeCm
  CJ-only dimensions:   lightType
  Storefront variants:  18
  CJ variants:          9
  Matched:              1
  Unmatched:            17
  To update:            1
  Already correct:      0

  ── CJ Variant Tiers ──
    $36.36    → finish=gold, sizeCm=40
    $36.36    → finish=gold, lightType=warm light, sizeCm=40
    $46.01    → finish=gold, lightType=3 color, sizeCm=40
    $47.20    → finish=gold, sizeCm=60
    $47.20    → finish=gold, lightType=warm light, sizeCm=60
    $51.93    → finish=gold, lightType=3 color, sizeCm=60
    $69.75    → finish=gold, sizeCm=40
    $69.75    → finish=gold, lightType=warm light, sizeCm=40
    $95.99    → finish=gold, lightType=3 color, sizeCm=40

  ── Planned Price Changes (1) ──
  Title                                      Current    CJ Cost    New        Delta
  ─────────────────────────────────────────────────────────────────────────────────────
  60cm / Gold                                $72.72     $47.20     $94.40     +$21.68

  ⚠ Unmatched Variants (17):
    60cm / White light — sizeCm=60, finish=white light
    60cm / Warm light — sizeCm=60, finish=warm light
    60cm / Two circles of 60+80cm gold — finish=two circles of 60+80cm gold, sizeCm=60
    60cm / Bedroom — finish=bedroom, sizeCm=60
    60cm / Study — sizeCm=60, finish=study
    60cm / Dining room — sizeCm=60, finish=dining room
    60cm / Hotel room — finish=hotel room, sizeCm=60
    60cm / White — sizeCm=60, finish=white
    80cm / White light — sizeCm=80, finish=white light
    80cm / Warm light — finish=warm light, sizeCm=80
    ... and 7 more
  [106/803] Modern Minimalist Creative Table Lamp...
════════════════════════════════════════════════════════════════════════
  Modern Minimalist Creative Table Lamp
════════════════════════════════════════════════════════════════════════
  Medusa ID:            prod_01KJJKHSEDJAW5M024EJ2ZT6ZF
  CJ SKU:               CJJT1400586
  Markup:               100%
  Pricing strategy:     min (for multi-match CJ variants)
  Shared dimensions:    sizeCm
  CJ-only dimensions:   none
  Storefront variants:  8
  CJ variants:          2
  Matched:              2
  Unmatched:            6
  To update:            0
  Already correct:      2

  ── CJ Variant Tiers ──
    $62.62    → sizeCm=25
    $62.62    → sizeCm=25

  ⚠ Unmatched Variants (6):
    30cm / 100V — sizeCm=30, voltage=100
    30cm / 240V — sizeCm=30, voltage=240
    47cm / 100V — sizeCm=47, voltage=100
    47cm / 240V — sizeCm=47, voltage=240
    31cm / 100V — sizeCm=31, voltage=100
    31cm / 240V — sizeCm=31, voltage=240
  [107/803] Modern LED Acrylic Chandelier with Iron Frame...
════════════════════════════════════════════════════════════════════════
  Modern LED Acrylic Chandelier with Iron Frame
════════════════════════════════════════════════════════════════════════
  Medusa ID:            prod_01KJJKHYA3SKV43GD3WXZX3C8J
  CJ SKU:               CJJT1572839
  Markup:               100%
  Pricing strategy:     min (for multi-match CJ variants)
  Shared dimensions:    finish, sizeCm
  CJ-only dimensions:   lightType
  Storefront variants:  40
  CJ variants:          36
  Matched:              0
  Unmatched:            40
  To update:            0
  Already correct:      0

  ── CJ Variant Tiers ──
    $19.04    → finish=white, sizeCm=80
    $20.97    → finish=white, sizeCm=80
    $23.40    → finish=white, lightType=stepless dimming, sizeCm=80
    $20.16    → finish=white, sizeCm=100
    $22.59    → finish=white, sizeCm=100
    $25.01    → finish=white, lightType=stepless dimming, sizeCm=100
    $22.59    → finish=white, sizeCm=120
    $25.01    → finish=white, sizeCm=120
    $27.10    → finish=white, lightType=stepless dimming, sizeCm=120
    $27.10    → finish=white, sizeCm=150
    $29.52    → finish=white, sizeCm=150
    $31.94    → finish=white, lightType=stepless dimming, sizeCm=150
    $19.04    → finish=black, sizeCm=80
    $20.97    → finish=black, sizeCm=80
    $19.04    → finish=black, lightType=stepless dimming, sizeCm=80
    $23.40    → finish=black, sizeCm=100
    $20.16    → finish=black, sizeCm=100
    $22.59    → finish=black, lightType=stepless dimming, sizeCm=100
    $25.01    → finish=black, sizeCm=120
    $22.59    → finish=black, sizeCm=120
    $25.01    → finish=black, lightType=stepless dimming, sizeCm=120
    $27.10    → finish=black, sizeCm=150
    $29.52    → finish=black, sizeCm=150
    $31.94    → finish=black, lightType=stepless dimming, sizeCm=150
    $19.04    → finish=gold, sizeCm=80
    $20.97    → finish=gold, sizeCm=80
    $23.40    → finish=gold, lightType=stepless dimming, sizeCm=80
    $20.16    → finish=gold, sizeCm=100
    $22.59    → finish=gold, sizeCm=100
    $25.01    → finish=gold, lightType=stepless dimming, sizeCm=100
    $22.59    → finish=gold, sizeCm=120
    $25.01    → finish=gold, sizeCm=120
    $27.10    → finish=gold, lightType=stepless dimming, sizeCm=120
    $27.10    → finish=gold, sizeCm=150
    $29.52    → finish=gold, sizeCm=150
    $31.94    → finish=gold, lightType=stepless dimming, sizeCm=150

  ⚠ Unmatched Variants (40):
    80cm / Matt white l80cm — finish=matt white l80cm, sizeCm=80
    80cm / Matt white l100cm — finish=matt white l100cm, sizeCm=80
    80cm / Matt white l120cm — finish=matt white l120cm, sizeCm=80
    80cm / Matt white l150cm — finish=matt white l150cm, sizeCm=80
    80cm / Matt black l80cm — finish=matt black l80cm, sizeCm=80
    80cm / Matt black l100cm — finish=matt black l100cm, sizeCm=80
    80cm / Matt black l120cm — finish=matt black l120cm, sizeCm=80
    80cm / Matt black l150cm — sizeCm=80, finish=matt black l150cm
    80cm / Gold l80cm — finish=gold l80cm, sizeCm=80
    80cm / Gold l100cm — finish=gold l100cm, sizeCm=80
    ... and 30 more
  [108/803] Modern Minimalist Bar Pendant Light...
════════════════════════════════════════════════════════════════════════
  Modern Minimalist Bar Pendant Light
════════════════════════════════════════════════════════════════════════
  Medusa ID:            prod_01KJJKJ4W9XNH4J0F9JS737A14
  CJ SKU:               CJJT1570459
  Markup:               100%
  Pricing strategy:     min (for multi-match CJ variants)
  Shared dimensions:    none
  CJ-only dimensions:   none
  Storefront variants:  2
  CJ variants:          4
  Matched:              2
  Unmatched:            0
  To update:            0
  Already correct:      2

  ── CJ Variant Tiers ──
    $20.63    → 
    $22.11    → 
    $33.98    → 
    $23.60    → 
  [109/803] Nordic Disc LED Ceiling Light - Modern Flying Saucer Design...
════════════════════════════════════════════════════════════════════════
  Nordic Disc LED Ceiling Light - Modern Flying Saucer Design
════════════════════════════════════════════════════════════════════════
  Medusa ID:            prod_01KJJKJ9BNGHFZM8PFVK195EBY
  CJ SKU:               CJJT1504292
  Markup:               100%
  Pricing strategy:     min (for multi-match CJ variants)
  Shared dimensions:    sizeCm, finish
  CJ-only dimensions:   none
  Storefront variants:  20
  CJ variants:          14
  Matched:              0
  Unmatched:            20
  To update:            0
  Already correct:      0

  ── CJ Variant Tiers ──
    $13.89    → sizeCm=25
    $23.70    → sizeCm=40
    $13.89    → sizeCm=25
    $23.70    → sizeCm=40
    $13.89    → sizeCm=25
    $23.70    → sizeCm=40
    $13.89    → finish=white, sizeCm=25
    $23.70    → finish=white, sizeCm=40
    $13.89    → sizeCm=25
    $23.70    → sizeCm=40
    $16.09    → finish=gold, sizeCm=25
    $26.25    → finish=gold, sizeCm=40
    $13.68    → finish=black, sizeCm=25
    $21.89    → finish=black, sizeCm=40

  ⚠ Unmatched Variants (20):
    25cm / Turquoise 25cm — finish=turquoise 25cm, sizeCm=25
    25cm / Blue 25cm — finish=blue 25cm, sizeCm=25
    25cm / Grey 25cm — finish=grey 25cm, sizeCm=25
    25cm / Jazz white 25cm — sizeCm=25, finish=jazz white 25cm
    25cm / Leather powder 25cm — finish=leather powder 25cm, sizeCm=25
    25cm / Turquoise 40cm — finish=turquoise 40cm, sizeCm=25
    25cm / Blue 40cm — finish=blue 40cm, sizeCm=25
    25cm / Grey 40cm — sizeCm=25, finish=grey 40cm
    25cm / Jazz white 40cm — finish=jazz white 40cm, sizeCm=25
    25cm / Leather powder 40cm — finish=leather powder 40cm, sizeCm=25
    ... and 10 more
  [110/803] Modern Minimalist Creative Wall Sconce Light...
════════════════════════════════════════════════════════════════════════
  Modern Minimalist Creative Wall Sconce Light
════════════════════════════════════════════════════════════════════════
  Medusa ID:            prod_01KJJKJERFQ0TX5YMF2RQ0D6Y4
  CJ SKU:               CJSN1490319
  Markup:               100%
  Pricing strategy:     min (for multi-match CJ variants)
  Shared dimensions:    finish
  CJ-only dimensions:   sizeCm, lightType
  Storefront variants:  4
  CJ variants:          4
  Matched:              1
  Unmatched:            3
  To update:            0
  Already correct:      1

  ── CJ Variant Tiers ──
    $14.32    → finish=white, sizeCm=38
    $14.32    → lightType=warm light, sizeCm=38
    $14.32    → finish=white, sizeCm=38
    $14.32    → lightType=warm light, sizeCm=38

  ⚠ Unmatched Variants (3):
    Style 1 38cm white light — finish=style 1 38cm white light
    Style 1 38cm warm light — finish=style 1 38cm warm light
    Style 2 38cm white light — finish=style 2 38cm white light
  [111/803] Modern Minimalist Bar Chandelier - Creative Small Design...
════════════════════════════════════════════════════════════════════════
  Modern Minimalist Bar Chandelier - Creative Small Design
════════════════════════════════════════════════════════════════════════
  Medusa ID:            prod_01KJJKJK40FSSKJM79BJD8TVBN
  CJ SKU:               CJJT1536933
  Markup:               100%
  Pricing strategy:     min (for multi-match CJ variants)
  Shared dimensions:    sizeCm
  CJ-only dimensions:   lightType
  Storefront variants:  4
  CJ variants:          4
  Matched:              4
  Unmatched:            0
  To update:            2
  Already correct:      2

  ── CJ Variant Tiers ──
    $30.99    → lightType=warm light, sizeCm=30
    $30.99    → sizeCm=30
    $47.48    → lightType=warm light, sizeCm=40
    $47.48    → sizeCm=40

  ── Planned Price Changes (2) ──
  Title                                      Current    CJ Cost    New        Delta
  ─────────────────────────────────────────────────────────────────────────────────────
  40cm / 6W                                  $61.98     $47.48     $94.96     +$32.98
  40cm / 10W                                 $61.98     $47.48     $94.96     +$32.98
  [112/803] Modern Minimalist Chandelier for Dining & Living Rooms...
════════════════════════════════════════════════════════════════════════
  Modern Minimalist Chandelier for Dining & Living Rooms
════════════════════════════════════════════════════════════════════════
  Medusa ID:            prod_01KJJKJQYP7758X0GCDQKTDVD3
  CJ SKU:               CJJT1491904
  Markup:               100%
  Pricing strategy:     min (for multi-match CJ variants)
  Shared dimensions:    sizeCm
  CJ-only dimensions:   none
  Storefront variants:  24
  CJ variants:          2
  Matched:              8
  Unmatched:            16
  To update:            4
  Already correct:      4

  ── CJ Variant Tiers ──
    $61.00    → sizeCm=26
    $81.44    → sizeCm=32

  ── Planned Price Changes (4) ──
  Title                                      Current    CJ Cost    New        Delta
  ─────────────────────────────────────────────────────────────────────────────────────
  32cm / Diameter 50x32cm / 111V             $122.00    $81.44     $162.88    +$40.88
  32cm / Diameter 50x32cm / 240V             $122.00    $81.44     $162.88    +$40.88
  32cm / Diameter 40x26cm / 111V             $122.00    $81.44     $162.88    +$40.88
  32cm / Diameter 40x26cm / 240V             $122.00    $81.44     $162.88    +$40.88

  ⚠ Unmatched Variants (16):
    38cm / Diameter 50x32cm / 111V — finish=diameter 50x32cm, voltage=111, sizeCm=38
    38cm / Diameter 50x32cm / 240V — finish=diameter 50x32cm, voltage=240, sizeCm=38
    38cm / Diameter 40x26cm / 111V — finish=diameter 40x26cm, voltage=111, sizeCm=38
    38cm / Diameter 40x26cm / 240V — finish=diameter 40x26cm, voltage=240, sizeCm=38
    40cm / Diameter 50x32cm / 111V — finish=diameter 50x32cm, voltage=111, sizeCm=40
    40cm / Diameter 50x32cm / 240V — finish=diameter 50x32cm, voltage=240, sizeCm=40
    40cm / Diameter 40x26cm / 111V — finish=diameter 40x26cm, voltage=111, sizeCm=40
    40cm / Diameter 40x26cm / 240V — finish=diameter 40x26cm, voltage=240, sizeCm=40
    50cm / Diameter 50x32cm / 111V — finish=diameter 50x32cm, voltage=111, sizeCm=50
    50cm / Diameter 50x32cm / 240V — finish=diameter 50x32cm, sizeCm=50, voltage=240
    ... and 6 more
  [113/803] Modern American Style Bedside Table Lamp...
════════════════════════════════════════════════════════════════════════
  Modern American Style Bedside Table Lamp
════════════════════════════════════════════════════════════════════════
  Medusa ID:            prod_01KJJKJXVCGE6KA3ZX1HVES0Y2
  CJ SKU:               CJJT1608523
  Markup:               100%
  Pricing strategy:     min (for multi-match CJ variants)
  Shared dimensions:    finish
  CJ-only dimensions:   none
  Storefront variants:  3
  CJ variants:          6
  Matched:              2
  Unmatched:            1
  To update:            0
  Already correct:      2

  ── CJ Variant Tiers ──
    $26.72    → finish=black
    $23.75    → finish=black
    $26.72    → finish=black
    $26.72    → finish=gold
    $23.75    → finish=gold
    $26.72    → finish=gold

  ⚠ Unmatched Variants (1):
    Matte black — finish=matte black
  [114/803] Modern Single Head Bar Pendant Light...
════════════════════════════════════════════════════════════════════════
  Modern Single Head Bar Pendant Light
════════════════════════════════════════════════════════════════════════
  Medusa ID:            prod_01KJJKSQ2FC67Q0WV8297YCX8N
  CJ SKU:               CJJT1583395
  Markup:               100%
  Pricing strategy:     min (for multi-match CJ variants)
  Shared dimensions:    finish
  CJ-only dimensions:   none
  Storefront variants:  16
  CJ variants:          6
  Matched:              4
  Unmatched:            12
  To update:            0
  Already correct:      4

  ── CJ Variant Tiers ──
    $13.36    → finish=white
    $16.32    → finish=white
    $13.36    → 
    $16.32    → 
    $13.36    → 
    $16.32    → 

  ⚠ Unmatched Variants (12):
    30cm / Orange — sizeCm=30, finish=orange
    30cm / Height:26cm s:diameter:20cm — finish=height:26cm s:diameter:20cm, sizeCm=30
    30cm / Frosted — finish=frosted, sizeCm=30
    20cm / Orange — sizeCm=20, finish=orange
    20cm / Height:26cm s:diameter:20cm — finish=height:26cm s:diameter:20cm, sizeCm=20
    20cm / Frosted — finish=frosted, sizeCm=20
    26cm / Orange — sizeCm=26, finish=orange
    26cm / Height:26cm s:diameter:20cm — finish=height:26cm s:diameter:20cm, sizeCm=26
    26cm / Frosted — finish=frosted, sizeCm=26
    35cm / Orange — sizeCm=35, finish=orange
    ... and 2 more
  [115/803] Vintage Glass Globe Pendant Light - American Retro Style...
════════════════════════════════════════════════════════════════════════
  Vintage Glass Globe Pendant Light - American Retro Style
════════════════════════════════════════════════════════════════════════
  Medusa ID:            prod_01KJJKSW79GY6KQG50GQ3AB87D
  CJ SKU:               CJJT1502803
  Markup:               100%
  Pricing strategy:     min (for multi-match CJ variants)
  Shared dimensions:    none
  CJ-only dimensions:   none
  Storefront variants:  21
  CJ variants:          4
  Matched:              21
  Unmatched:            0
  To update:            0
  Already correct:      21

  ── CJ Variant Tiers ──
    $12.78    → 
    $10.36    → 
    $9.62     → 
    $10.52    → 
  [116/803] Modern Glass Living Room Chandelier - Minimalist Design...
════════════════════════════════════════════════════════════════════════
  Modern Glass Living Room Chandelier - Minimalist Design
════════════════════════════════════════════════════════════════════════
  Medusa ID:            prod_01KJJKT1MP8R435PC7Z4DA0GVV
  CJ SKU:               CJJT1617355
  Markup:               100%
  Pricing strategy:     min (for multi-match CJ variants)
  Shared dimensions:    sizeCm, lightType, finish
  CJ-only dimensions:   none
  Storefront variants:  80
  CJ variants:          20
  Matched:              0
  Unmatched:            80
  To update:            0
  Already correct:      0

  ── CJ Variant Tiers ──
    $66.78    → sizeCm=50
    $66.78    → lightType=neutral, sizeCm=50
    $66.78    → lightType=warm light, sizeCm=50
    $66.78    → finish=white, sizeCm=50
    $93.48    → sizeCm=60
    $93.48    → lightType=neutral, sizeCm=60
    $93.48    → lightType=warm light, sizeCm=60
    $93.48    → finish=white, sizeCm=60
    $133.56   → sizeCm=80
    $133.56   → lightType=neutral, sizeCm=80
    $133.56   → lightType=warm light, sizeCm=80
    $133.56   → finish=white, sizeCm=80
    $193.65   → sizeCm=100
    $193.65   → lightType=neutral, sizeCm=100
    $193.65   → lightType=warm light, sizeCm=100
    $193.65   → finish=white, sizeCm=100
    $113.52   → sizeCm=80
    $113.52   → lightType=neutral, sizeCm=80
    $113.52   → lightType=warm light, sizeCm=80
    $113.52   → finish=white, sizeCm=80

  ⚠ Unmatched Variants (80):
    50cm / 50cm / NEUTRAL LIGHT — sizeCm=50, finish=50cm, lightType=neutral light
    50cm / 50cm / 50CM — sizeCm=50, lightType=50cm, finish=50cm
    50cm / 60cm / NEUTRAL LIGHT — sizeCm=50, finish=60cm, lightType=neutral light
    50cm / 60cm / 50CM — sizeCm=50, lightType=50cm, finish=60cm
    50cm / 80cm / NEUTRAL LIGHT — finish=80cm, sizeCm=50, lightType=neutral light
    50cm / 80cm / 50CM — finish=80cm, sizeCm=50, lightType=50cm
    50cm / 100cm / NEUTRAL LIGHT — finish=100cm, sizeCm=50, lightType=neutral light
    50cm / 100cm / 50CM — finish=100cm, sizeCm=50, lightType=50cm
    50cm / Neutral light / NEUTRAL LIGHT — sizeCm=50, finish=neutral light, lightType=neutral light
    50cm / Neutral light / 50CM — sizeCm=50, lightType=50cm, finish=neutral light
    ... and 70 more
  [117/803] Rotatable Modern Minimalist Dining Room Chandelier...
════════════════════════════════════════════════════════════════════════
  Rotatable Modern Minimalist Dining Room Chandelier
════════════════════════════════════════════════════════════════════════
  Medusa ID:            prod_01KJJKT9W7GK01BGN9G8BA4D7Z
  CJ SKU:               CJYD1550941
  Markup:               100%
  Pricing strategy:     min (for multi-match CJ variants)
  Shared dimensions:    finish
  CJ-only dimensions:   none
  Storefront variants:  6
  CJ variants:          1
  Matched:              2
  Unmatched:            4
  To update:            0
  Already correct:      2

  ── CJ Variant Tiers ──
    $74.55    → finish=black

  ⚠ Unmatched Variants (4):
    200cm / Gold — finish=gold, sizeCm=200
    200cm / Rose gold — finish=rose gold, sizeCm=200
    134cm / Gold — finish=gold, sizeCm=134
    134cm / Rose gold — finish=rose gold, sizeCm=134
  [118/803] Portable Camping Light with Humidifier Function...
════════════════════════════════════════════════════════════════════════
  Portable Camping Light with Humidifier Function
════════════════════════════════════════════════════════════════════════
  Medusa ID:            prod_01KJJKTEMQ2HNRJW1JD9KTE13J
  CJ SKU:               CJJT1615561
  Markup:               100%
  Pricing strategy:     min (for multi-match CJ variants)
  Shared dimensions:    finish
  CJ-only dimensions:   none
  Storefront variants:  2
  CJ variants:          3
  Matched:              2
  Unmatched:            0
  To update:            0
  Already correct:      2

  ── CJ Variant Tiers ──
    $8.08     → finish=white
    $8.08     → finish=black
    $8.08     → 
  [119/803] Nordic Geometric Table Lamp - Modern Minimalist Design...
════════════════════════════════════════════════════════════════════════
  Nordic Geometric Table Lamp - Modern Minimalist Design
════════════════════════════════════════════════════════════════════════
  Medusa ID:            prod_01KJJKTJY3BRJQF9TG8ZEEFWE3
  CJ SKU:               CJJT1503181
  Markup:               100%
  Pricing strategy:     min (for multi-match CJ variants)
  Shared dimensions:    voltage
  CJ-only dimensions:   none
  Storefront variants:  8
  CJ variants:          3
  Matched:              0
  Unmatched:            8
  To update:            0
  Already correct:      0

  ── CJ Variant Tiers ──
    $50.94    → voltage=220
    $62.86    → voltage=220
    $64.57    → voltage=220

  ⚠ Unmatched Variants (8):
    31W / 111V — wattage=31, voltage=111
    31W / 240V — voltage=240, wattage=31
    40W / 111V — voltage=111, wattage=40
    40W / 240V — voltage=240, wattage=40
    5W / 111V — voltage=111, wattage=5
    5W / 240V — voltage=240, wattage=5
    9W / 111V — voltage=111, wattage=9
    9W / 240V — voltage=240, wattage=9
  [120/803] Nordic Wood Ring Pendant Light - Macaron Colors...
════════════════════════════════════════════════════════════════════════
  Nordic Wood Ring Pendant Light - Macaron Colors
════════════════════════════════════════════════════════════════════════
  Medusa ID:            prod_01KJJKTQSZJ06786NSB9E2JXC3
  CJ SKU:               CJTH1198420
  Markup:               100%
  Pricing strategy:     min (for multi-match CJ variants)
  Shared dimensions:    sizeCm, finish
  CJ-only dimensions:   voltage
  Storefront variants:  15
  CJ variants:          12
  Matched:              6
  Unmatched:            9
  To update:            4
  Already correct:      2

  ── CJ Variant Tiers ──
    $13.17    → sizeCm=24, voltage=220
    $14.86    → sizeCm=31, voltage=220
    $19.00    → sizeCm=37, voltage=220
    $11.70    → sizeCm=24, voltage=220
    $14.86    → sizeCm=31, voltage=220
    $19.00    → sizeCm=37, voltage=220
    $11.70    → finish=black, sizeCm=24, voltage=220
    $14.86    → finish=black, sizeCm=31, voltage=220
    $19.00    → finish=black, sizeCm=37, voltage=220
    $11.70    → finish=white, sizeCm=24, voltage=220
    $14.86    → finish=white, sizeCm=31, voltage=220
    $21.36    → finish=white, sizeCm=37, voltage=220

  ── Planned Price Changes (4) ──
  Title                                      Current    CJ Cost    New        Delta
  ─────────────────────────────────────────────────────────────────────────────────────
  31cm / Black                               $23.40     $14.86     $29.72     +$6.32
  31cm / White                               $23.40     $14.86     $29.72     +$6.32
  37cm / Black                               $23.40     $19.00     $38.00     +$14.60
  37cm / White                               $23.40     $21.36     $42.72     +$19.32

  ⚠ Unmatched Variants (9):
    24cm / Green — sizeCm=24, finish=green
    24cm / Blue — sizeCm=24, finish=blue
    24cm / Medium diameter 31cm — finish=medium diameter 31cm, sizeCm=24
    31cm / Green — sizeCm=31, finish=green
    31cm / Blue — sizeCm=31, finish=blue
    31cm / Medium diameter 31cm — finish=medium diameter 31cm, sizeCm=31
    37cm / Green — finish=green, sizeCm=37
    37cm / Blue — finish=blue, sizeCm=37
    37cm / Medium diameter 31cm — finish=medium diameter 31cm, sizeCm=37
  [121/803] Handwoven Bamboo Chandelier - Natural Boho Style...
════════════════════════════════════════════════════════════════════════
  Handwoven Bamboo Chandelier - Natural Boho Style
════════════════════════════════════════════════════════════════════════
  Medusa ID:            prod_01KJJKTWHKCFKD840GMZWKNESP
  CJ SKU:               CJSN1225613
  Markup:               100%
  Pricing strategy:     min (for multi-match CJ variants)
  Shared dimensions:    none
  CJ-only dimensions:   none
  Storefront variants:  1
  CJ variants:          4
  Matched:              1
  Unmatched:            0
  To update:            0
  Already correct:      1

  ── CJ Variant Tiers ──
    $9.63     → 
    $8.26     → 
    $24.78    → 
    $24.78    → 
  [122/803] Modern Minimalist Hallway Wall Sconce...
════════════════════════════════════════════════════════════════════════
  Modern Minimalist Hallway Wall Sconce
════════════════════════════════════════════════════════════════════════
  Medusa ID:            prod_01KJJKV0Q08PF0WJ4Z073E7M43
  CJ SKU:               CJJT1591352
  Markup:               100%
  Pricing strategy:     min (for multi-match CJ variants)
  Shared dimensions:    none
  CJ-only dimensions:   none
  Storefront variants:  1
  CJ variants:          6
  Matched:              1
  Unmatched:            0
  To update:            0
  Already correct:      1

  ── CJ Variant Tiers ──
    $13.36    → 
    $13.36    → 
    $15.58    → 
    $14.40    → 
    $13.36    → 
    $13.36    → 
  [123/803] Modern Bar Chandelier - Minimalist Restaurant Lighting...
════════════════════════════════════════════════════════════════════════
  Modern Bar Chandelier - Minimalist Restaurant Lighting
════════════════════════════════════════════════════════════════════════
  Medusa ID:            prod_01KJJKV4YKPVQ5DF8H4XY87NG0
  CJ SKU:               CJSN1474900
  Markup:               100%
  Pricing strategy:     min (for multi-match CJ variants)
  Shared dimensions:    finish, sizeCm
  CJ-only dimensions:   none
  Storefront variants:  42
  CJ variants:          4
  Matched:              8
  Unmatched:            34
  To update:            6
  Already correct:      2

  ── CJ Variant Tiers ──
    $14.69    → finish=gold, sizeCm=20
    $17.98    → finish=gold, sizeCm=25
    $11.25    → finish=silver, sizeCm=20
    $18.99    → finish=silver, sizeCm=25

  ── Planned Price Changes (6) ──
  Title                                      Current    CJ Cost    New        Delta
  ─────────────────────────────────────────────────────────────────────────────────────
  20cm / Gold / 110V                         $22.50     $14.69     $29.38     +$6.88
  20cm / Gold / 240V                         $22.50     $14.69     $29.38     +$6.88
  25cm / Gold / 110V                         $22.50     $17.98     $35.96     +$13.46
  25cm / Gold / 240V                         $22.50     $17.98     $35.96     +$13.46
  25cm / Silver / 110V                       $22.50     $18.99     $37.98     +$15.48
  25cm / Silver / 240V                       $22.50     $18.99     $37.98     +$15.48

  ⚠ Unmatched Variants (34):
    20cm / Gradient gold diameter 20cm / 110V — finish=gradient gold diameter 20cm, voltage=110, sizeCm=20
    20cm / Gradient gold diameter 20cm / 240V — finish=gradient gold diameter 20cm, voltage=240, sizeCm=20
    20cm / Gradient gold diameter 25cm / 110V — finish=gradient gold diameter 25cm, voltage=110, sizeCm=20
    20cm / Gradient gold diameter 25cm / 240V — finish=gradient gold diameter 25cm, voltage=240, sizeCm=20
    20cm / Gradient gold diameter 30cm / 110V — finish=gradient gold diameter 30cm, voltage=110, sizeCm=20
    20cm / Gradient gold diameter 30cm / 240V — finish=gradient gold diameter 30cm, voltage=240, sizeCm=20
    20cm / Gradient silver diameter 20cm / 110V — finish=gradient silver diameter 20cm, voltage=110, sizeCm=20
    20cm / Gradient silver diameter 20cm / 240V — finish=gradient silver diameter 20cm, voltage=240, sizeCm=20
    20cm / Gradient silver diameter 25cm / 110V — finish=gradient silver diameter 25cm, voltage=110, sizeCm=20
    20cm / Gradient silver diameter 25cm / 240V — finish=gradient silver diameter 25cm, voltage=240, sizeCm=20
    ... and 24 more
  [124/803] Nordic Minimalist Linear Wall Sconce Set...
════════════════════════════════════════════════════════════════════════
  Nordic Minimalist Linear Wall Sconce Set
════════════════════════════════════════════════════════════════════════
  Medusa ID:            prod_01KJJKVCFH3FPJX5D7C3T4BGC5
  CJ SKU:               CJJT1596912
  Markup:               100%
  Pricing strategy:     min (for multi-match CJ variants)
  Shared dimensions:    none
  CJ-only dimensions:   none
  Storefront variants:  2
  CJ variants:          4
  Matched:              2
  Unmatched:            0
  To update:            0
  Already correct:      2

  ── CJ Variant Tiers ──
    $8.17     → 
    $8.17     → 
    $15.58    → 
    $21.53    → 
  [125/803] Ceramic Figure Table Lamp with Sculptural Design...
════════════════════════════════════════════════════════════════════════
  Ceramic Figure Table Lamp with Sculptural Design
════════════════════════════════════════════════════════════════════════
  Medusa ID:            prod_01KJJKVGZYY7R2AHG1GHMTC13B
  CJ SKU:               CJJT1426060
  Markup:               100%
  Pricing strategy:     min (for multi-match CJ variants)
  Shared dimensions:    finish
  CJ-only dimensions:   lightType
  Storefront variants:  3
  CJ variants:          28
  Matched:              1
  Unmatched:            2
  To update:            0
  Already correct:      1

  ── CJ Variant Tiers ──
    $16.70    → 
    $16.70    → 
    $16.70    → 
    $18.40    → lightType=3 color
    $18.40    → lightType=3 color
    $18.40    → lightType=3 color
    $23.52    → 
    $23.52    → 
    $23.52    → 
    $16.70    → finish=white
    $16.70    → finish=white
    $16.70    → finish=white
    $18.40    → finish=white, lightType=3 color
    $18.40    → finish=white, lightType=3 color
    $18.40    → finish=white, lightType=3 color
    $23.52    → finish=white
    $23.52    → finish=white
    $23.52    → finish=white
    $16.70    → 
    $16.70    → 
    $16.70    → 
    $18.40    → lightType=3 color
    $18.40    → lightType=3 color
    $18.40    → lightType=3 color
    $23.52    → 
    $23.52    → 
    $23.52    → 
    $5.64     → finish=white

  ⚠ Unmatched Variants (2):
    (beige cloth cover) — finish=(beige cloth cover)
    Three-color dimming — finish=three-color dimming
  [126/803] French Brass Flower Bud Chandelier in Cream...
════════════════════════════════════════════════════════════════════════
  French Brass Flower Bud Chandelier in Cream
════════════════════════════════════════════════════════════════════════
  Medusa ID:            prod_01KJJKVNJA6594MYVFY1Z9683T
  CJ SKU:               CJSN1538390
  Markup:               100%
  Pricing strategy:     min (for multi-match CJ variants)
  Shared dimensions:    finish
  CJ-only dimensions:   none
  Storefront variants:  5
  CJ variants:          10
  Matched:              1
  Unmatched:            4
  To update:            0
  Already correct:      1

  ── CJ Variant Tiers ──
    $14.84    → finish=white
    $16.16    → finish=white
    $14.84    → finish=brass
    $16.16    → finish=brass
    $14.84    → finish=brass
    $16.16    → finish=brass
    $14.84    → finish=brass
    $16.16    → finish=brass
    $14.84    → finish=brass
    $16.16    → finish=brass

  ⚠ Unmatched Variants (4):
    Milk white — finish=milk white
    Light yellow — finish=light yellow
    Light green — finish=light green
    Pink — finish=pink
  [127/803] Modern Solid Wood Single Pendant Light...
════════════════════════════════════════════════════════════════════════
  Modern Solid Wood Single Pendant Light
════════════════════════════════════════════════════════════════════════
  Medusa ID:            prod_01KJJKVT2ZKBRR1DBSZ90MX083
  CJ SKU:               CJSN1073696
  Markup:               100%
  Pricing strategy:     min (for multi-match CJ variants)
  Shared dimensions:    none
  CJ-only dimensions:   finish
  Storefront variants:  2
  CJ variants:          5
  Matched:              2
  Unmatched:            0
  To update:            0
  Already correct:      2

  ── CJ Variant Tiers ──
    $14.48    → finish=gold
    $14.48    → finish=black
    $14.48    → finish=white
    $14.48    → 
    $14.48    → 
  [128/803] Industrial Wall Sconce Dual Light Wrought Iron Fixture...
════════════════════════════════════════════════════════════════════════
  Industrial Wall Sconce Dual Light Wrought Iron Fixture
════════════════════════════════════════════════════════════════════════
  Medusa ID:            prod_01KJJKVYMM9KTYTZ17C37W2BYE
  CJ SKU:               CJSN1106505
  Markup:               100%
  Pricing strategy:     min (for multi-match CJ variants)
  Shared dimensions:    heads, finish
  CJ-only dimensions:   none
  Storefront variants:  12
  CJ variants:          2
  Matched:              2
  Unmatched:            10
  To update:            0
  Already correct:      2

  ── CJ Variant Tiers ──
    $14.04    → heads=2, finish=black
    $14.32    → heads=2

  ⚠ Unmatched Variants (10):
    Black / 220V / 1 Light — finish=black, heads=1, voltage=220
    Black / 110V / 1 Light — finish=black, heads=1, voltage=110
    Gold / 220V / 2 Lights — heads=2, finish=gold, voltage=220
    Gold / 220V / 1 Light — heads=1, finish=gold, voltage=220
    Gold / 110V / 2 Lights — heads=2, finish=gold, voltage=110
    Gold / 110V / 1 Light — heads=1, finish=gold, voltage=110
    Brown / 220V / 2 Lights — heads=2, voltage=220, finish=brown
    Brown / 220V / 1 Light — heads=1, voltage=220, finish=brown
    Brown / 110V / 2 Lights — heads=2, voltage=110, finish=brown
    Brown / 110V / 1 Light — heads=1, voltage=110, finish=brown
  [129/803] Nordic Ring Wall Sconce - Modern Minimalist Design...
════════════════════════════════════════════════════════════════════════
  Nordic Ring Wall Sconce - Modern Minimalist Design
════════════════════════════════════════════════════════════════════════
  Medusa ID:            prod_01KJJKW3QQ1YWYKSR1YRRR09PZ
  CJ SKU:               CJSN1101961
  Markup:               100%
  Pricing strategy:     min (for multi-match CJ variants)
  Shared dimensions:    finish, lightType
  CJ-only dimensions:   none
  Storefront variants:  20
  CJ variants:          9
  Matched:              0
  Unmatched:            20
  To update:            0
  Already correct:      0

  ── CJ Variant Tiers ──
    $13.77    → finish=gold, lightType=warm light
    $13.77    → finish=gold, lightType=neutral
    $13.77    → finish=gold
    $13.08    → finish=black, lightType=warm light
    $13.08    → finish=black, lightType=neutral
    $13.08    → finish=black
    $13.08    → finish=black, lightType=warm light
    $13.08    → finish=black, lightType=neutral
    $13.08    → finish=black

  ⚠ Unmatched Variants (20):
    Gold / NEUTRAL LIGHT — finish=gold, lightType=neutral light
    Gold / GOLD — lightType=gold, finish=gold
    Black / NEUTRAL LIGHT — lightType=neutral light, finish=black
    Black / GOLD — lightType=gold, finish=black
    Gu10 neutral light / NEUTRAL LIGHT — lightType=neutral light, finish=gu10 neutral light
    Gu10 neutral light / GOLD — lightType=gold, finish=gu10 neutral light
    Bedroom / NEUTRAL LIGHT — lightType=neutral light, finish=bedroom
    Bedroom / GOLD — lightType=gold, finish=bedroom
    Study room / NEUTRAL LIGHT — finish=study room, lightType=neutral light
    Study room / GOLD — lightType=gold, finish=study room
    ... and 10 more
  [130/803] Nordic Industrial Moon Lamp Chandelier...
════════════════════════════════════════════════════════════════════════
  Nordic Industrial Moon Lamp Chandelier
════════════════════════════════════════════════════════════════════════
  Medusa ID:            prod_01KJJKW98FRTC38383Y0ZRQ147
  CJ SKU:               CJSN1571932
  Markup:               100%
  Pricing strategy:     min (for multi-match CJ variants)
  Shared dimensions:    sizeCm
  CJ-only dimensions:   none
  Storefront variants:  70
  CJ variants:          70
  Matched:              70
  Unmatched:            0
  To update:            60
  Already correct:      10

  ── CJ Variant Tiers ──
    $14.55    → sizeCm=20
    $20.48    → sizeCm=30
    $24.93    → sizeCm=40
    $38.29    → sizeCm=50
    $50.16    → sizeCm=60
    $181.63   → sizeCm=80
    $231.71   → sizeCm=100
    $14.55    → sizeCm=20
    $20.48    → sizeCm=30
    $24.93    → sizeCm=40
    $38.29    → sizeCm=50
    $50.16    → sizeCm=60
    $181.63   → sizeCm=80
    $231.71   → sizeCm=100
    $14.55    → sizeCm=20
    $20.48    → sizeCm=30
    $24.93    → sizeCm=40
    $38.29    → sizeCm=50
    $50.16    → sizeCm=60
    $181.63   → sizeCm=80
    $231.71   → sizeCm=100
    $14.55    → sizeCm=20
    $20.48    → sizeCm=30
    $24.93    → sizeCm=40
    $38.29    → sizeCm=50
    $50.16    → sizeCm=60
    $181.63   → sizeCm=80
    $231.71   → sizeCm=100
    $14.55    → sizeCm=20
    $20.48    → sizeCm=30
    $24.93    → sizeCm=40
    $38.29    → sizeCm=50
    $50.16    → sizeCm=60
    $181.63   → sizeCm=80
    $231.71   → sizeCm=100
    $14.55    → sizeCm=20
    $20.48    → sizeCm=30
    $24.93    → sizeCm=40
    $38.29    → sizeCm=50
    $50.16    → sizeCm=60
    $181.63   → sizeCm=80
    $231.71   → sizeCm=100
    $14.55    → sizeCm=20
    $20.48    → sizeCm=30
    $24.93    → sizeCm=40
    $38.29    → sizeCm=50
    $50.16    → sizeCm=60
    $181.63   → sizeCm=80
    $231.71   → sizeCm=100
    $14.55    → sizeCm=20
    $20.48    → sizeCm=30
    $24.93    → sizeCm=40
    $38.29    → sizeCm=50
    $50.16    → sizeCm=60
    $181.63   → sizeCm=80
    $231.71   → sizeCm=100
    $14.55    → sizeCm=20
    $20.48    → sizeCm=30
    $24.93    → sizeCm=40
    $38.29    → sizeCm=50
    $50.16    → sizeCm=60
    $181.63   → sizeCm=80
    $231.71   → sizeCm=100
    $14.55    → sizeCm=20
    $20.48    → sizeCm=30
    $24.93    → sizeCm=40
    $38.29    → sizeCm=50
    $50.16    → sizeCm=60
    $181.63   → sizeCm=80
    $231.71   → sizeCm=100

  ── Planned Price Changes (60) ──
  Title                                      Current    CJ Cost    New        Delta
  ─────────────────────────────────────────────────────────────────────────────────────
  30cm / Moon                                $29.10     $20.48     $40.96     +$11.86
  30cm / Saturn                              $29.10     $20.48     $40.96     +$11.86
  30cm / Earth                               $29.10     $20.48     $40.96     +$11.86
  30cm / Sun                                 $29.10     $20.48     $40.96     +$11.86
  30cm / Venus                               $29.10     $20.48     $40.96     +$11.86
  30cm / Mars                                $29.10     $20.48     $40.96     +$11.86
  30cm / Mercury                             $29.10     $20.48     $40.96     +$11.86
  30cm / Uranus                              $29.10     $20.48     $40.96     +$11.86
  30cm / Neptune                             $29.10     $20.48     $40.96     +$11.86
  30cm / 30cm                                $29.10     $20.48     $40.96     +$11.86
  40cm / Moon                                $29.10     $24.93     $49.86     +$20.76
  40cm / Saturn                              $29.10     $24.93     $49.86     +$20.76
  40cm / Earth                               $29.10     $24.93     $49.86     +$20.76
  40cm / Sun                                 $29.10     $24.93     $49.86     +$20.76
  40cm / Venus                               $29.10     $24.93     $49.86     +$20.76
  40cm / Mars                                $29.10     $24.93     $49.86     +$20.76
  40cm / Mercury                             $29.10     $24.93     $49.86     +$20.76
  40cm / Uranus                              $29.10     $24.93     $49.86     +$20.76
  40cm / Neptune                             $29.10     $24.93     $49.86     +$20.76
  40cm / 30cm                                $29.10     $24.93     $49.86     +$20.76
  50cm / Moon                                $29.10     $38.29     $76.58     +$47.48
  50cm / Saturn                              $29.10     $38.29     $76.58     +$47.48
  50cm / Earth                               $29.10     $38.29     $76.58     +$47.48
  50cm / Sun                                 $29.10     $38.29     $76.58     +$47.48
  50cm / Venus                               $29.10     $38.29     $76.58     +$47.48
  50cm / Mars                                $29.10     $38.29     $76.58     +$47.48
  50cm / Mercury                             $29.10     $38.29     $76.58     +$47.48
  50cm / Uranus                              $29.10     $38.29     $76.58     +$47.48
  50cm / Neptune                             $29.10     $38.29     $76.58     +$47.48
  50cm / 30cm                                $29.10     $38.29     $76.58     +$47.48
  ... and 30 more
  [131/803] Modern Bathroom Vanity Mirror Light Wall Sconce...
════════════════════════════════════════════════════════════════════════
  Modern Bathroom Vanity Mirror Light Wall Sconce
════════════════════════════════════════════════════════════════════════
  Medusa ID:            prod_01KJJKWMZKQHWYH3CFH08SPP0E
  CJ SKU:               CJSN1020790
  Markup:               100%
  Pricing strategy:     min (for multi-match CJ variants)
  Shared dimensions:    none
  CJ-only dimensions:   finish
  Storefront variants:  1
  CJ variants:          2
  Matched:              1
  Unmatched:            0
  To update:            0
  Already correct:      1

  ── CJ Variant Tiers ──
    $15.50    → finish=black
    $15.50    → finish=black
  [132/803] Minimalist Creative Bedside Chandelier...
════════════════════════════════════════════════════════════════════════
  Minimalist Creative Bedside Chandelier
════════════════════════════════════════════════════════════════════════
  Medusa ID:            prod_01KJJKWS963QETXN8JT2AMEB92
  CJ SKU:               CJJZSNSN01808
  Markup:               100%
  Pricing strategy:     min (for multi-match CJ variants)
  Shared dimensions:    none
  CJ-only dimensions:   finish
  Storefront variants:  1
  CJ variants:          1
  Matched:              1
  Unmatched:            0
  To update:            0
  Already correct:      1

  ── CJ Variant Tiers ──
    $15.34    → finish=gold
  [133/803] Modern LED Wall Sconce for Bedrooms...
════════════════════════════════════════════════════════════════════════
  Modern LED Wall Sconce for Bedrooms
════════════════════════════════════════════════════════════════════════
  Medusa ID:            prod_01KJJKWXNQMM2JENCQ7MPSFHAX
  CJ SKU:               CJSN1617678
  Markup:               100%
  Pricing strategy:     min (for multi-match CJ variants)
  Shared dimensions:    finish, lightType
  CJ-only dimensions:   wattage
  Storefront variants:  112
  CJ variants:          6
  Matched:              0
  Unmatched:            112
  To update:            0
  Already correct:      0

  ── CJ Variant Tiers ──
    $23.45    → finish=white, wattage=5
    $20.93    → finish=white, wattage=5
    $18.55    → finish=white, lightType=neutral, wattage=5
    $18.55    → finish=white, lightType=warm light, wattage=5
    $23.45    → finish=black, wattage=5
    $20.93    → finish=black, wattage=5

  ⚠ Unmatched Variants (112):
    9cm / Sandstone black / 111V / NATURAL LIGHT — lightType=natural light, finish=sandstone black, sizeCm=9, voltage=111
    9cm / Sandstone black / 111V / 3000K — lightType=3000k, finish=sandstone black, sizeCm=9, voltage=111
    9cm / Sandstone black / 240V / NATURAL LIGHT — lightType=natural light, finish=sandstone black, sizeCm=9, voltage=240
    9cm / Sandstone black / 240V / 3000K — lightType=3000k, finish=sandstone black, sizeCm=9, voltage=240
    9cm / Of the item / 111V / NATURAL LIGHT — lightType=natural light, sizeCm=9, finish=of the item, voltage=111
    9cm / Of the item / 111V / 3000K — lightType=3000k, sizeCm=9, finish=of the item, voltage=111
    9cm / Of the item / 240V / NATURAL LIGHT — lightType=natural light, sizeCm=9, finish=of the item, voltage=240
    9cm / Of the item / 240V / 3000K — lightType=3000k, sizeCm=9, finish=of the item, voltage=240
    9cm / Round base 100mm / 111V / NATURAL LIGHT — lightType=natural light, finish=round base 100mm, sizeCm=9, voltage=111
    9cm / Round base 100mm / 111V / 3000K — lightType=3000k, finish=round base 100mm, sizeCm=9, voltage=111
    ... and 102 more
  [134/803] Modern Touch Control Bedside Table Lamp...
════════════════════════════════════════════════════════════════════════
  Modern Touch Control Bedside Table Lamp
════════════════════════════════════════════════════════════════════════
  Medusa ID:            prod_01KJJKXCC71EVGH94HKEZ7S30K
  CJ SKU:               CJSN1608055
  Markup:               100%
  Pricing strategy:     min (for multi-match CJ variants)
  Shared dimensions:    none
  CJ-only dimensions:   none
  Storefront variants:  2
  CJ variants:          5
  Matched:              2
  Unmatched:            0
  To update:            0
  Already correct:      2

  ── CJ Variant Tiers ──
    $18.55    → 
    $18.55    → 
    $18.55    → 
    $18.55    → 
    $28.41    → 
  [135/803] Modern Globe Table Lamp - Minimalist Bedside Lighting...
════════════════════════════════════════════════════════════════════════
  Modern Globe Table Lamp - Minimalist Bedside Lighting
════════════════════════════════════════════════════════════════════════
  Medusa ID:            prod_01KJJKXGWCAN1679JWKHJVYWNF
  CJ SKU:               CJSN1029771
  Markup:               100%
  Pricing strategy:     min (for multi-match CJ variants)
  Shared dimensions:    finish
  CJ-only dimensions:   none
  Storefront variants:  3
  CJ variants:          12
  Matched:              3
  Unmatched:            0
  To update:            0
  Already correct:      3

  ── CJ Variant Tiers ──
    $15.14    → finish=white
    $15.14    → finish=white
    $15.14    → finish=white
    $15.14    → finish=white
    $15.14    → finish=gold
    $15.14    → finish=gold
    $15.14    → finish=gold
    $15.14    → finish=gold
    $15.14    → finish=black
    $15.14    → finish=black
    $15.14    → finish=black
    $15.14    → finish=black
  [136/803] Luxury Marble Base Table Lamp - Postmodern Design...
════════════════════════════════════════════════════════════════════════
  Luxury Marble Base Table Lamp - Postmodern Design
════════════════════════════════════════════════════════════════════════
  Medusa ID:            prod_01KJJKXNEXGWMFEBEWQVPTAR8W
  CJ SKU:               CJSN1608054
  Markup:               100%
  Pricing strategy:     min (for multi-match CJ variants)
  Shared dimensions:    none
  CJ-only dimensions:   finish
  Storefront variants:  1
  CJ variants:          25
  Matched:              1
  Unmatched:            0
  To update:            0
  Already correct:      1

  ── CJ Variant Tiers ──
    $16.32    → 
    $16.32    → 
    $16.32    → 
    $16.32    → 
    $17.74    → finish=white
    $17.74    → finish=white
    $17.74    → finish=white
    $17.74    → finish=white
    $17.74    → finish=silver
    $17.74    → finish=silver
    $17.74    → finish=silver
    $17.74    → finish=silver
    $17.74    → finish=white
    $17.74    → finish=white
    $17.74    → finish=white
    $17.74    → finish=white
    $17.74    → finish=black
    $17.74    → finish=black
    $17.74    → finish=black
    $17.74    → finish=black
    $28.32    → finish=white
    $103.66   → finish=white
    $69.70    → 
    $122.44   → 
    $35.48    → finish=white
  [137/803] Modern Brass Glass Globe Pendant Light - Nordic Style...
════════════════════════════════════════════════════════════════════════
  Modern Brass Glass Globe Pendant Light - Nordic Style
════════════════════════════════════════════════════════════════════════
  Medusa ID:            prod_01KJJKXSSX9FW5KZAGVCGC9NM6
  CJ SKU:               CJSN1571876
  Markup:               100%
  Pricing strategy:     min (for multi-match CJ variants)
  Shared dimensions:    finish
  CJ-only dimensions:   none
  Storefront variants:  2
  CJ variants:          2
  Matched:              1
  Unmatched:            1
  To update:            0
  Already correct:      1

  ── CJ Variant Tiers ──
    $16.32    → finish=brass
    $17.81    → finish=brass

  ⚠ Unmatched Variants (1):
    Copper — finish=copper
  [138/803] Nordic Minimalist Luxury Bedside Table Lamp...
════════════════════════════════════════════════════════════════════════
  Nordic Minimalist Luxury Bedside Table Lamp
════════════════════════════════════════════════════════════════════════
  Medusa ID:            prod_01KJJKXY8PTAXJTGE9ZBRDQ0AD
  CJ SKU:               CJSN1608254
  Markup:               100%
  Pricing strategy:     min (for multi-match CJ variants)
  Shared dimensions:    finish, voltage
  CJ-only dimensions:   none
  Storefront variants:  6
  CJ variants:          8
  Matched:              0
  Unmatched:            6
  To update:            0
  Already correct:      0

  ── CJ Variant Tiers ──
    $20.48    → finish=black, voltage=220
    $21.96    → finish=black, voltage=220
    $24.93    → finish=black, voltage=220
    $27.90    → finish=black, voltage=220
    $20.48    → finish=black, voltage=220
    $21.96    → finish=black, voltage=220
    $24.93    → finish=black, voltage=220
    $27.90    → finish=black, voltage=220

  ⚠ Unmatched Variants (6):
    Light changing / 110V — voltage=110, finish=light changing
    Light changing / 240V — finish=light changing, voltage=240
    Black / 110V — voltage=110, finish=black
    Black / 240V — finish=black, voltage=240
    Gold / 110V — voltage=110, finish=gold
    Gold / 240V — finish=gold, voltage=240
  [139/803] Modern Double Horn Wall Sconce - Adjustable Reading Light...
════════════════════════════════════════════════════════════════════════
  Modern Double Horn Wall Sconce - Adjustable Reading Light
════════════════════════════════════════════════════════════════════════
  Medusa ID:            prod_01KJJKY35EHHJAMESN55QPEH1V
  CJ SKU:               CJSN1563700
  Markup:               100%
  Pricing strategy:     min (for multi-match CJ variants)
  Shared dimensions:    finish
  CJ-only dimensions:   none
  Storefront variants:  80
  CJ variants:          6
  Matched:              8
  Unmatched:            72
  To update:            0
  Already correct:      8

  ── CJ Variant Tiers ──
    $19.15    → finish=chrome
    $26.41    → finish=chrome
    $35.32    → finish=chrome
    $19.15    → finish=gold
    $26.41    → finish=gold
    $35.32    → finish=gold

  ⚠ Unmatched Variants (72):
    28cm / Small chrome — sizeCm=28, finish=small chrome
    28cm / Small gold — sizeCm=28, finish=small gold
    28cm / Medium chrome — finish=medium chrome, sizeCm=28
    28cm / Medium gold — finish=medium gold, sizeCm=28
    28cm / Large chrome — finish=large chrome, sizeCm=28
    28cm / Large gold — sizeCm=28, finish=large gold
    28cm / Shade height: 35cm — sizeCm=28, finish=shade height: 35cm
    28cm / Shade height: 30cm — sizeCm=28, finish=shade height: 30cm
    28cm / Shade height: 28cm — finish=shade height: 28cm, sizeCm=28
    26cm / Small chrome — sizeCm=26, finish=small chrome
    ... and 62 more
  [140/803] Nordic Minimalist Table Lamp - Modern Bedside Light...
════════════════════════════════════════════════════════════════════════
  Nordic Minimalist Table Lamp - Modern Bedside Light
════════════════════════════════════════════════════════════════════════
  Medusa ID:            prod_01KJJKYCMK7HGHEWNC4GV4BRT0
  CJ SKU:               CJSN1078376
  Markup:               100%
  Pricing strategy:     min (for multi-match CJ variants)
  Shared dimensions:    finish
  CJ-only dimensions:   none
  Storefront variants:  6
  CJ variants:          8
  Matched:              4
  Unmatched:            2
  To update:            0
  Already correct:      4

  ── CJ Variant Tiers ──
    $22.79    → finish=white
    $31.21    → finish=white
    $22.79    → finish=white
    $31.21    → finish=white
    $22.79    → finish=black
    $31.21    → finish=black
    $22.79    → finish=black
    $31.21    → finish=black

  ⚠ Unmatched Variants (2):
    Light [white section] / 111V — voltage=111, finish=light [white section]
    Light [white section] / 240V — finish=light [white section], voltage=240
  [141/803] Modern Square Pendant Light - Minimalist Design...
════════════════════════════════════════════════════════════════════════
  Modern Square Pendant Light - Minimalist Design
════════════════════════════════════════════════════════════════════════
  Medusa ID:            prod_01KJJKYHJ993N3P94S94WHP5MH
  CJ SKU:               CJSN1047715
  Markup:               100%
  Pricing strategy:     min (for multi-match CJ variants)
  Shared dimensions:    none
  CJ-only dimensions:   finish, lightType
  Storefront variants:  1
  CJ variants:          3
  Matched:              1
  Unmatched:            0
  To update:            0
  Already correct:      1

  ── CJ Variant Tiers ──
    $16.99    → finish=white
    $23.53    → 
    $16.99    → lightType=warm light
  [142/803] Modern LED Chandelier for Living Room - Minimalist Design...
════════════════════════════════════════════════════════════════════════
  Modern LED Chandelier for Living Room - Minimalist Design
════════════════════════════════════════════════════════════════════════
  Medusa ID:            prod_01KJJKYNWNR3M8064RGK7A7DJX
  CJ SKU:               CJTH1592918
  Markup:               100%
  Pricing strategy:     min (for multi-match CJ variants)
  Shared dimensions:    finish
  CJ-only dimensions:   sizeCm, lightType
  Storefront variants:  5
  CJ variants:          8
  Matched:              2
  Unmatched:            3
  To update:            1
  Already correct:      1

  ── CJ Variant Tiers ──
    $27.70    → finish=black, sizeCm=90
    $27.70    → finish=black, lightType=warm light, sizeCm=90
    $27.70    → finish=black, lightType=neutral, sizeCm=90
    $30.99    → finish=black, lightType=stepless dimming, sizeCm=90
    $29.35    → finish=gold, sizeCm=90
    $29.35    → finish=gold, lightType=warm light, sizeCm=90
    $29.35    → finish=gold, lightType=neutral, sizeCm=90
    $34.30    → finish=gold, lightType=stepless dimming, sizeCm=90

  ── Planned Price Changes (1) ──
  Title                                      Current    CJ Cost    New        Delta
  ─────────────────────────────────────────────────────────────────────────────────────
  Gold                                       $55.40     $29.35     $58.70     +$3.30

  ⚠ Unmatched Variants (3):
    White — finish=white
    Warm — finish=warm
    Neutral — finish=neutral
  [143/803] Pink Princess Table Lamp for Kids Bedroom...
════════════════════════════════════════════════════════════════════════
  Pink Princess Table Lamp for Kids Bedroom
════════════════════════════════════════════════════════════════════════
  Medusa ID:            prod_01KJJKYTJ8AG4HXWD8Y5MHHC8X
  CJ SKU:               CJSN1038599
  Markup:               100%
  Pricing strategy:     min (for multi-match CJ variants)
  Shared dimensions:    none
  CJ-only dimensions:   none
  Storefront variants:  2
  CJ variants:          1
  Matched:              2
  Unmatched:            0
  To update:            0
  Already correct:      2

  ── CJ Variant Tiers ──
    $22.02    → 
  [144/803] Waterproof LED Outdoor Wall Light - Super Bright...
════════════════════════════════════════════════════════════════════════
  Waterproof LED Outdoor Wall Light - Super Bright
════════════════════════════════════════════════════════════════════════
  Medusa ID:            prod_01KJJKYYYVR3Y599AEFHN66AGW
  CJ SKU:               CJSN1044227
  Markup:               100%
  Pricing strategy:     min (for multi-match CJ variants)
  Shared dimensions:    none
  CJ-only dimensions:   wattage, lightType
  Storefront variants:  1
  CJ variants:          5
  Matched:              1
  Unmatched:            0
  To update:            0
  Already correct:      1

  ── CJ Variant Tiers ──
    $24.49    → wattage=18
    $32.74    → wattage=30
    $21.75    → wattage=18
    $30.00    → wattage=30
    $7.45     → lightType=warm light, wattage=18
  [145/803] Modern Minimalist Table Lamp - Contemporary Desk Light...
════════════════════════════════════════════════════════════════════════
  Modern Minimalist Table Lamp - Contemporary Desk Light
════════════════════════════════════════════════════════════════════════
  Medusa ID:            prod_01KJJKZ39T91KQ0NP8QC1ZERA4
  CJ SKU:               CJSN1608061
  Markup:               100%
  Pricing strategy:     min (for multi-match CJ variants)
  Shared dimensions:    finish
  CJ-only dimensions:   none
  Storefront variants:  6
  CJ variants:          20
  Matched:              2
  Unmatched:            4
  To update:            0
  Already correct:      2

  ── CJ Variant Tiers ──
    $23.45    → finish=black
    $23.45    → finish=black
    $23.45    → finish=black
    $23.45    → finish=black
    $23.45    → finish=gold
    $23.45    → finish=gold
    $23.45    → finish=gold
    $23.45    → finish=gold
    $23.45    → finish=black
    $23.45    → finish=black
    $23.45    → finish=black
    $23.45    → finish=black
    $23.45    → finish=gold
    $23.45    → finish=gold
    $23.45    → finish=gold
    $23.45    → finish=gold
    $23.45    → finish=gold
    $23.45    → finish=gold
    $23.45    → finish=gold
    $23.45    → finish=gold

  ⚠ Unmatched Variants (4):
    White / 220V — voltage=220, finish=white
    White / 110V — voltage=110, finish=white
    Gray / 220V — finish=gray, voltage=220
    Gray / 110V — finish=gray, voltage=110
  [146/803] Luxury Copper Table Lamp - Elegant Bedside Light...
════════════════════════════════════════════════════════════════════════
  Luxury Copper Table Lamp - Elegant Bedside Light
════════════════════════════════════════════════════════════════════════
  Medusa ID:            prod_01KJJKZ80J45VEFG5YJGXXGMBX
  CJ SKU:               CJSN1571832
  Markup:               100%
  Pricing strategy:     min (for multi-match CJ variants)
  Shared dimensions:    none
  CJ-only dimensions:   finish
  Storefront variants:  2
  CJ variants:          9
  Matched:              2
  Unmatched:            0
  To update:            0
  Already correct:      2

  ── CJ Variant Tiers ──
    $24.73    → finish=copper
    $29.68    → finish=copper
    $29.68    → finish=copper
    $32.64    → finish=copper
    $29.68    → finish=copper
    $29.68    → finish=copper
    $32.64    → finish=copper
    $48.24    → finish=copper
    $44.64    → finish=copper
  [147/803] Art Glass Pendant Light - Single Head Hanging Fixture...
════════════════════════════════════════════════════════════════════════
  Art Glass Pendant Light - Single Head Hanging Fixture
════════════════════════════════════════════════════════════════════════
  Medusa ID:            prod_01KJJKZCDWRYVP2YM8PY4SEW3C
  CJ SKU:               CJSN1577295
  Markup:               100%
  Pricing strategy:     min (for multi-match CJ variants)
  Shared dimensions:    none
  CJ-only dimensions:   lightType
  Storefront variants:  14
  CJ variants:          10
  Matched:              14
  Unmatched:            0
  To update:            0
  Already correct:      14

  ── CJ Variant Tiers ──
    $22.26    → lightType=warm light
    $28.94    → lightType=warm light
    $23.01    → lightType=warm light
    $29.38    → lightType=warm light
    $23.01    → lightType=warm light
    $29.38    → lightType=warm light
    $23.01    → lightType=warm light
    $29.38    → lightType=warm light
    $23.01    → lightType=warm light
    $29.38    → lightType=warm light
  [148/803] Modern American Metal Desk Lamp with Adjustable Arm...
════════════════════════════════════════════════════════════════════════
  Modern American Metal Desk Lamp with Adjustable Arm
════════════════════════════════════════════════════════════════════════
  Medusa ID:            prod_01KJJKZHKX03QQW2D13J7CRF4A
  CJ SKU:               CJSN1608040
  Markup:               100%
  Pricing strategy:     min (for multi-match CJ variants)
  Shared dimensions:    none
  CJ-only dimensions:   finish
  Storefront variants:  1
  CJ variants:          4
  Matched:              1
  Unmatched:            0
  To update:            0
  Already correct:      1

  ── CJ Variant Tiers ──
    $21.53    → finish=white
    $21.53    → finish=white
    $21.53    → finish=white
    $21.53    → finish=white
  [149/803] Modern Solar Wall Light - Waterproof Outdoor Sconce...
════════════════════════════════════════════════════════════════════════
  Modern Solar Wall Light - Waterproof Outdoor Sconce
════════════════════════════════════════════════════════════════════════
  Medusa ID:            prod_01KJJKZP1VCR6FGSHWPPMV128B
  CJ SKU:               CJSN1503576
  Markup:               100%
  Pricing strategy:     min (for multi-match CJ variants)
  Shared dimensions:    none
  CJ-only dimensions:   none
  Storefront variants:  1
  CJ variants:          2
  Matched:              1
  Unmatched:            0
  To update:            0
  Already correct:      1

  ── CJ Variant Tiers ──
    $29.82    → 
    $24.02    → 
  [150/803] Luxury Crystal Wall Sconce - Modern Art Deco Design...
════════════════════════════════════════════════════════════════════════
  Luxury Crystal Wall Sconce - Modern Art Deco Design
════════════════════════════════════════════════════════════════════════
  Medusa ID:            prod_01KJJKZTJH9HEH99R0GRF5N35D
  CJ SKU:               CJSN1610779
  Markup:               100%
  Pricing strategy:     min (for multi-match CJ variants)
  Shared dimensions:    none
  CJ-only dimensions:   lightType
  Storefront variants:  9
  CJ variants:          4
  Matched:              9
  Unmatched:            0
  To update:            0
  Already correct:      9

  ── CJ Variant Tiers ──
    $25.65    → 
    $26.98    → lightType=3 color
    $21.64    → 
    $22.97    → lightType=3 color
  [151/803] Nordic Minimalist Table Lamp - Modern Living Room Design...
════════════════════════════════════════════════════════════════════════
  Nordic Minimalist Table Lamp - Modern Living Room Design
════════════════════════════════════════════════════════════════════════
  Medusa ID:            prod_01KJJKZZFFEE95G84AZ1XEM2R5
  CJ SKU:               CJSN1594055
  Markup:               100%
  Pricing strategy:     min (for multi-match CJ variants)
  Shared dimensions:    none
  CJ-only dimensions:   heads, finish
  Storefront variants:  1
  CJ variants:          6
  Matched:              1
  Unmatched:            0
  To update:            0
  Already correct:      1

  ── CJ Variant Tiers ──
    $21.67    → heads=4, finish=black
    $23.16    → heads=4, finish=gold
    $29.68    → heads=6, finish=black
    $31.16    → heads=6, finish=gold
    $39.77    → heads=8, finish=black
    $42.73    → heads=8, finish=gold
  [152/803] Japanese Zen Rattan Chandelier - Woven Bamboo Design...
════════════════════════════════════════════════════════════════════════
  Japanese Zen Rattan Chandelier - Woven Bamboo Design
════════════════════════════════════════════════════════════════════════
  Medusa ID:            prod_01KJJM03WS6ZS1HE0G6369K56M
  CJ SKU:               CJTH1503502
  Markup:               100%
  Pricing strategy:     min (for multi-match CJ variants)
  Shared dimensions:    sizeCm
  CJ-only dimensions:   none
  Storefront variants:  108
  CJ variants:          13
  Matched:              36
  Unmatched:            72
  To update:            36
  Already correct:      0

  ── CJ Variant Tiers ──
    $54.52    → 
    $54.52    → 
    $51.12    → sizeCm=50
    $44.30    → sizeCm=50
    $47.70    → sizeCm=40
    $64.74    → sizeCm=50
    $47.70    → sizeCm=40
    $64.74    → sizeCm=50
    $52.82    → 
    $44.30    → 
    $44.30    → 
    $44.30    → 
    $23.86    → 

  ── Planned Price Changes (36) ──
  Title                                      Current    CJ Cost    New        Delta
  ─────────────────────────────────────────────────────────────────────────────────────
  50cm / Chestnut / 111V                     $47.72     $44.30     $88.60     +$40.88
  50cm / Chestnut / 240V                     $47.72     $44.30     $88.60     +$40.88
  50cm / Light brown / 111V                  $47.72     $44.30     $88.60     +$40.88
  50cm / Light brown / 240V                  $47.72     $44.30     $88.60     +$40.88
  50cm / Dark khaki / 111V                   $47.72     $44.30     $88.60     +$40.88
  50cm / Dark khaki / 240V                   $47.72     $44.30     $88.60     +$40.88
  50cm / Dark brown / 111V                   $47.72     $44.30     $88.60     +$40.88
  50cm / Dark brown / 240V                   $47.72     $44.30     $88.60     +$40.88
  50cm / Brown / 111V                        $47.72     $44.30     $88.60     +$40.88
  50cm / Brown / 240V                        $47.72     $44.30     $88.60     +$40.88
  50cm / Camel / 111V                        $47.72     $44.30     $88.60     +$40.88
  50cm / Camel / 240V                        $47.72     $44.30     $88.60     +$40.88
  50cm / Light gray / 111V                   $47.72     $44.30     $88.60     +$40.88
  50cm / Light gray / 240V                   $47.72     $44.30     $88.60     +$40.88
  50cm / Brown chocolate / 111V              $47.72     $44.30     $88.60     +$40.88
  50cm / Brown chocolate / 240V              $47.72     $44.30     $88.60     +$40.88
  50cm / Gray / 111V                         $47.72     $44.30     $88.60     +$40.88
  50cm / Gray / 240V                         $47.72     $44.30     $88.60     +$40.88
  40cm / Chestnut / 111V                     $47.72     $47.70     $95.40     +$47.68
  40cm / Chestnut / 240V                     $47.72     $47.70     $95.40     +$47.68
  40cm / Light brown / 111V                  $47.72     $47.70     $95.40     +$47.68
  40cm / Light brown / 240V                  $47.72     $47.70     $95.40     +$47.68
  40cm / Dark khaki / 111V                   $47.72     $47.70     $95.40     +$47.68
  40cm / Dark khaki / 240V                   $47.72     $47.70     $95.40     +$47.68
  40cm / Dark brown / 111V                   $47.72     $47.70     $95.40     +$47.68
  40cm / Dark brown / 240V                   $47.72     $47.70     $95.40     +$47.68
  40cm / Brown / 111V                        $47.72     $47.70     $95.40     +$47.68
  40cm / Brown / 240V                        $47.72     $47.70     $95.40     +$47.68
  40cm / Camel / 111V                        $47.72     $47.70     $95.40     +$47.68
  40cm / Camel / 240V                        $47.72     $47.70     $95.40     +$47.68
  ... and 6 more

  ⚠ Unmatched Variants (72):
    60cm / Chestnut / 111V — finish=chestnut, sizeCm=60, voltage=111
    60cm / Chestnut / 240V — finish=chestnut, sizeCm=60, voltage=240
    60cm / Light brown / 111V — finish=light brown, sizeCm=60, voltage=111
    60cm / Light brown / 240V — finish=light brown, sizeCm=60, voltage=240
    60cm / Dark khaki / 111V — finish=dark khaki, sizeCm=60, voltage=111
    60cm / Dark khaki / 240V — finish=dark khaki, sizeCm=60, voltage=240
    60cm / Dark brown / 111V — finish=dark brown, sizeCm=60, voltage=111
    60cm / Dark brown / 240V — finish=dark brown, sizeCm=60, voltage=240
    60cm / Brown / 111V — finish=brown, sizeCm=60, voltage=111
    60cm / Brown / 240V — finish=brown, sizeCm=60, voltage=240
    ... and 62 more
  [153/803] Modern Linear Pendant Light with Adjustable Height...
════════════════════════════════════════════════════════════════════════
  Modern Linear Pendant Light with Adjustable Height
════════════════════════════════════════════════════════════════════════
  Medusa ID:            prod_01KJJM0GA8QCDAXXS0VFWBPE13
  CJ SKU:               CJSN1070080
  Markup:               100%
  Pricing strategy:     min (for multi-match CJ variants)
  Shared dimensions:    finish
  CJ-only dimensions:   none
  Storefront variants:  120
  CJ variants:          6
  Matched:              0
  Unmatched:            120
  To update:            0
  Already correct:      0

  ── CJ Variant Tiers ──
    $19.27    → finish=black
    $19.27    → finish=black
    $19.27    → finish=black
    $19.27    → finish=white
    $19.27    → finish=white
    $19.27    → finish=white

  ⚠ Unmatched Variants (120):
    21cm / White round 21*21cm / 18W / 111V — finish=white round 21*21cm, voltage=111, wattage=18, sizeCm=21
    21cm / White round 21*21cm / 18W / 240V — finish=white round 21*21cm, wattage=18, sizeCm=21, voltage=240
    21cm / White round 21*21cm / 16W / 111V — finish=white round 21*21cm, wattage=16, voltage=111, sizeCm=21
    21cm / White round 21*21cm / 16W / 240V — finish=white round 21*21cm, wattage=16, sizeCm=21, voltage=240
    21cm / White round 21*21cm / 20W / 111V — finish=white round 21*21cm, voltage=111, wattage=20, sizeCm=21
    21cm / White round 21*21cm / 20W / 240V — finish=white round 21*21cm, wattage=20, sizeCm=21, voltage=240
    21cm / White light 18 / 18W / 111V — finish=white light 18, voltage=111, wattage=18, sizeCm=21
    21cm / White light 18 / 18W / 240V — finish=white light 18, wattage=18, sizeCm=21, voltage=240
    21cm / White light 18 / 16W / 111V — finish=white light 18, wattage=16, voltage=111, sizeCm=21
    21cm / White light 18 / 16W / 240V — finish=white light 18, wattage=16, sizeCm=21, voltage=240
    ... and 110 more
  [154/803] American Classic Ceramic Table Lamp...
════════════════════════════════════════════════════════════════════════
  American Classic Ceramic Table Lamp
════════════════════════════════════════════════════════════════════════
  Medusa ID:            prod_01KJJM18GC46VBZNT1VEDKBVAD
  CJ SKU:               CJSN1519466
  Markup:               100%
  Pricing strategy:     min (for multi-match CJ variants)
  Shared dimensions:    none
  CJ-only dimensions:   none
  Storefront variants:  4
  CJ variants:          56
  Matched:              4
  Unmatched:            0
  To update:            0
  Already correct:      4

  ── CJ Variant Tiers ──
    $34.92    → 
    $34.92    → 
    $34.92    → 
    $34.92    → 
    $43.44    → 
    $43.44    → 
    $43.44    → 
    $43.44    → 
    $34.92    → 
    $34.92    → 
    $34.92    → 
    $34.92    → 
    $43.44    → 
    $43.44    → 
    $43.44    → 
    $43.44    → 
    $34.92    → 
    $34.92    → 
    $34.92    → 
    $34.92    → 
    $43.44    → 
    $43.44    → 
    $43.44    → 
    $43.44    → 
    $43.44    → 
    $43.44    → 
    $43.44    → 
    $43.44    → 
    $51.96    → 
    $51.96    → 
    $51.96    → 
    $51.96    → 
    $43.44    → 
    $43.44    → 
    $43.44    → 
    $43.44    → 
    $51.96    → 
    $51.96    → 
    $51.96    → 
    $51.96    → 
    $43.44    → 
    $43.44    → 
    $43.44    → 
    $43.44    → 
    $51.96    → 
    $51.96    → 
    $51.96    → 
    $51.96    → 
    $43.44    → 
    $43.44    → 
    $43.44    → 
    $43.44    → 
    $51.96    → 
    $51.96    → 
    $51.96    → 
    $51.96    → 
  [155/803] Rechargeable Wireless Wall Sconce - Modern Bedside Lamp...
════════════════════════════════════════════════════════════════════════
  Rechargeable Wireless Wall Sconce - Modern Bedside Lamp
════════════════════════════════════════════════════════════════════════
  Medusa ID:            prod_01KJJM1CZQ3AY07GEDHVC6TG9X
  CJ SKU:               CJSN1085585
  Markup:               100%
  Pricing strategy:     min (for multi-match CJ variants)
  Shared dimensions:    none
  CJ-only dimensions:   finish
  Storefront variants:  1
  CJ variants:          6
  Matched:              1
  Unmatched:            0
  To update:            0
  Already correct:      1

  ── CJ Variant Tiers ──
    $28.45    → finish=black
    $46.32    → finish=black
    $36.02    → finish=black
    $30.14    → 
    $48.12    → 
    $33.81    → 
  [156/803] Nordic Fabric Table Lamp - Minimalist Living Room Light...
════════════════════════════════════════════════════════════════════════
  Nordic Fabric Table Lamp - Minimalist Living Room Light
════════════════════════════════════════════════════════════════════════
  Medusa ID:            prod_01KJJM1H771DP2BYJRYW3WFJ4W
  CJ SKU:               CJSN1495962
  Markup:               100%
  Pricing strategy:     min (for multi-match CJ variants)
  Shared dimensions:    none
  CJ-only dimensions:   sizeCm
  Storefront variants:  1
  CJ variants:          6
  Matched:              1
  Unmatched:            0
  To update:            0
  Already correct:      1

  ── CJ Variant Tiers ──
    $34.08    → sizeCm=45
    $34.08    → sizeCm=45
    $34.08    → sizeCm=45
    $34.08    → sizeCm=45
    $41.05    → 
    $44.52    → 
  [157/803] Whimsical Giraffe Table Lamp for Kids Bedroom...
════════════════════════════════════════════════════════════════════════
  Whimsical Giraffe Table Lamp for Kids Bedroom
════════════════════════════════════════════════════════════════════════
  Medusa ID:            prod_01KJJM1NKSJJ7S5F1XQXHM8J7N
  CJ SKU:               CJSN1609986
  Markup:               100%
  Pricing strategy:     min (for multi-match CJ variants)
  Shared dimensions:    finish
  CJ-only dimensions:   none
  Storefront variants:  4
  CJ variants:          2
  Matched:              4
  Unmatched:            0
  To update:            0
  Already correct:      4

  ── CJ Variant Tiers ──
    $29.97    → finish=gold
    $29.97    → finish=white
  [158/803] Luxury Copper Walnut Bar Pendant Light...
════════════════════════════════════════════════════════════════════════
  Luxury Copper Walnut Bar Pendant Light
════════════════════════════════════════════════════════════════════════
  Medusa ID:            prod_01KJJM1TCWC6VE9ZR303TKQWHQ
  CJ SKU:               CJSN1503147
  Markup:               100%
  Pricing strategy:     min (for multi-match CJ variants)
  Shared dimensions:    none
  CJ-only dimensions:   finish, lightType
  Storefront variants:  1
  CJ variants:          4
  Matched:              1
  Unmatched:            0
  To update:            1
  Already correct:      0

  ── CJ Variant Tiers ──
    $36.15    → finish=copper
    $44.07    → finish=copper
    $34.49    → finish=copper, lightType=neutral
    $37.81    → finish=copper, lightType=neutral

  ── Planned Price Changes (1) ──
  Title                                      Current    CJ Cost    New        Delta
  ─────────────────────────────────────────────────────────────────────────────────────
  Default                                    $73.34     $34.49     $68.98     -$4.36
  [159/803] Scandinavian Modern Bedroom Table Lamp - Minimalist Design...
════════════════════════════════════════════════════════════════════════
  Scandinavian Modern Bedroom Table Lamp - Minimalist Design
════════════════════════════════════════════════════════════════════════
  Medusa ID:            prod_01KJJM1YQ3K6VTEXFTEM9AZ453
  CJ SKU:               CJSN1598431
  Markup:               100%
  Pricing strategy:     min (for multi-match CJ variants)
  Shared dimensions:    finish
  CJ-only dimensions:   lightType, voltage
  Storefront variants:  3
  CJ variants:          3
  Matched:              1
  Unmatched:            2
  To update:            0
  Already correct:      1

  ── CJ Variant Tiers ──
    $30.28    → lightType=warm light, voltage=220
    $30.28    → finish=white, voltage=220
    $30.28    → voltage=220

  ⚠ Unmatched Variants (2):
    Table lamp — finish=table lamp
    Table lamp [warm warm light] — finish=table lamp [warm warm light]
  [160/803] Chinese Style Luxury Bedside Table Lamp...
════════════════════════════════════════════════════════════════════════
  Chinese Style Luxury Bedside Table Lamp
════════════════════════════════════════════════════════════════════════
  Medusa ID:            prod_01KJJM239TVAGP2W0DRZRKANVA
  CJ SKU:               CJSN1610799
  Markup:               100%
  Pricing strategy:     min (for multi-match CJ variants)
  Shared dimensions:    none
  CJ-only dimensions:   none
  Storefront variants:  1
  CJ variants:          4
  Matched:              1
  Unmatched:            0
  To update:            0
  Already correct:      1

  ── CJ Variant Tiers ──
    $29.68    → 
    $31.91    → 
    $32.28    → 
    $34.51    → 
  [161/803] Modern Minimalist Ceiling Chandelier...
════════════════════════════════════════════════════════════════════════
  Modern Minimalist Ceiling Chandelier
════════════════════════════════════════════════════════════════════════
  Medusa ID:            prod_01KJJM27KN5A11VT6V11MKYQ22
  CJ SKU:               CJTH1588964
  Markup:               100%
  Pricing strategy:     min (for multi-match CJ variants)
  Shared dimensions:    sizeCm
  CJ-only dimensions:   lightType, finish
  Storefront variants:  3
  CJ variants:          12
  Matched:              0
  Unmatched:            3
  To update:            0
  Already correct:      0

  ── CJ Variant Tiers ──
    $29.68    → lightType=warm light, sizeCm=40
    $40.51    → lightType=warm light, sizeCm=60
    $68.85    → lightType=warm light, sizeCm=60
    $97.66    → lightType=warm light, sizeCm=80
    $29.68    → finish=white, sizeCm=40
    $40.51    → finish=white, sizeCm=60
    $68.85    → finish=white, sizeCm=60
    $97.66    → finish=white, sizeCm=80
    $37.55    → sizeCm=40
    $48.23    → sizeCm=60
    $57.88    → sizeCm=60
    $67.52    → sizeCm=80

  ⚠ Unmatched Variants (3):
    100cm — sizeCm=100
    20cm — sizeCm=20
    30cm — sizeCm=30
  [162/803] Nordic Minimalist Branch Chandelier - Designer Modern Style...
════════════════════════════════════════════════════════════════════════
  Nordic Minimalist Branch Chandelier - Designer Modern Style
════════════════════════════════════════════════════════════════════════
  Medusa ID:            prod_01KJJM2C3E6G11TSAPQ75ZXSE9
  CJ SKU:               CJSN1494958
  Markup:               100%
  Pricing strategy:     min (for multi-match CJ variants)
  Shared dimensions:    finish, sizeCm
  CJ-only dimensions:   lightType
  Storefront variants:  20
  CJ variants:          6
  Matched:              4
  Unmatched:            16
  To update:            2
  Already correct:      2

  ── CJ Variant Tiers ──
    $34.81    → finish=white, lightType=warm light, sizeCm=20
    $42.22    → finish=white, sizeCm=20
    $51.48    → finish=white, sizeCm=20
    $58.89    → finish=white, lightType=warm light, sizeCm=35
    $66.30    → finish=white, sizeCm=35
    $77.41    → finish=white, sizeCm=35

  ── Planned Price Changes (2) ──
  Title                                      Current    CJ Cost    New        Delta
  ─────────────────────────────────────────────────────────────────────────────────────
  35cm / White / 111V                        $69.62     $58.89     $117.78    +$48.16
  35cm / White / 240V                        $69.62     $58.89     $117.78    +$48.16

  ⚠ Unmatched Variants (16):
    20cm / 20cm white-smart dimming / 111V — finish=20cm white-smart dimming, sizeCm=20, voltage=111
    20cm / 20cm white-smart dimming / 240V — finish=20cm white-smart dimming, sizeCm=20, voltage=240
    20cm / 35cm white-warm light / 111V — finish=35cm white-warm light, sizeCm=20, voltage=111
    20cm / 35cm white-warm light / 240V — finish=35cm white-warm light, sizeCm=20, voltage=240
    20cm / 20cm white-warm light / 111V — finish=20cm white-warm light, sizeCm=20, voltage=111
    20cm / 20cm white-warm light / 240V — finish=20cm white-warm light, sizeCm=20, voltage=240
    20cm / Frosted / 111V — sizeCm=20, finish=frosted, voltage=111
    20cm / Frosted / 240V — sizeCm=20, finish=frosted, voltage=240
    35cm / 20cm white-smart dimming / 111V — sizeCm=35, finish=20cm white-smart dimming, voltage=111
    35cm / 20cm white-smart dimming / 240V — sizeCm=35, finish=20cm white-smart dimming, voltage=240
    ... and 6 more
  [163/803] Modern Glass Table Lamp - Creative Minimalist Design...
════════════════════════════════════════════════════════════════════════
  Modern Glass Table Lamp - Creative Minimalist Design
════════════════════════════════════════════════════════════════════════
  Medusa ID:            prod_01KJJM2HDP2QBJ5225SNV9RPEM
  CJ SKU:               CJSN1503289
  Markup:               100%
  Pricing strategy:     min (for multi-match CJ variants)
  Shared dimensions:    finish
  CJ-only dimensions:   none
  Storefront variants:  2
  CJ variants:          4
  Matched:              1
  Unmatched:            1
  To update:            0
  Already correct:      1

  ── CJ Variant Tiers ──
    $33.33    → finish=black
    $33.33    → finish=black
    $33.33    → finish=black
    $33.33    → finish=black

  ⚠ Unmatched Variants (1):
    Smoke — finish=smoke
  [164/803] Industrial Bar Table Pendant Light for Dining Rooms...
════════════════════════════════════════════════════════════════════════
  Industrial Bar Table Pendant Light for Dining Rooms
════════════════════════════════════════════════════════════════════════
  Medusa ID:            prod_01KJJM2NHM3HAYVGNGVQW3GJW3
  CJ SKU:               CJSN1519471
  Markup:               100%
  Pricing strategy:     min (for multi-match CJ variants)
  Shared dimensions:    finish
  CJ-only dimensions:   none
  Storefront variants:  8
  CJ variants:          7
  Matched:              2
  Unmatched:            6
  To update:            0
  Already correct:      2

  ── CJ Variant Tiers ──
    $30.66    → finish=black
    $30.66    → finish=gold
    $31.68    → finish=black
    $31.68    → finish=gold
    $51.12    → 
    $46.00    → 
    $34.08    → 

  ⚠ Unmatched Variants (6):
    A black — finish=a black
    A gold — finish=a gold
    C black — finish=c black
    C gold — finish=c gold
    D large — finish=d large
    D medium — finish=d medium
  [165/803] Nordic Glass Ball Marble Table Lamp...
════════════════════════════════════════════════════════════════════════
  Nordic Glass Ball Marble Table Lamp
════════════════════════════════════════════════════════════════════════
  Medusa ID:            prod_01KJJM2T777NAGM9RRFFX5Z4SG
  CJ SKU:               CJSN1509131
  Markup:               100%
  Pricing strategy:     min (for multi-match CJ variants)
  Shared dimensions:    finish
  CJ-only dimensions:   voltage
  Storefront variants:  3
  CJ variants:          4
  Matched:              2
  Unmatched:            1
  To update:            0
  Already correct:      2

  ── CJ Variant Tiers ──
    $30.66    → finish=white, voltage=220
    $30.66    → finish=black, voltage=220
    $30.66    → finish=white, voltage=220
    $30.66    → finish=black, voltage=220

  ⚠ Unmatched Variants (1):
    Clear — finish=clear
  [166/803] Nordic Ceramic Table Lamp with Soft Light Diffusion...
════════════════════════════════════════════════════════════════════════
  Nordic Ceramic Table Lamp with Soft Light Diffusion
════════════════════════════════════════════════════════════════════════
  Medusa ID:            prod_01KJJM2YK1SEB7DB912C0C3J6K
  CJ SKU:               CJSN1503176
  Markup:               100%
  Pricing strategy:     min (for multi-match CJ variants)
  Shared dimensions:    none
  CJ-only dimensions:   voltage
  Storefront variants:  1
  CJ variants:          6
  Matched:              1
  Unmatched:            0
  To update:            0
  Already correct:      1

  ── CJ Variant Tiers ──
    $34.08    → voltage=220
    $30.66    → voltage=220
    $34.08    → voltage=220
    $30.66    → voltage=220
    $34.08    → voltage=220
    $35.60    → voltage=220
  [167/803] Modern Minimalist Floor Lamp for Bedroom & Dining...
════════════════════════════════════════════════════════════════════════
  Modern Minimalist Floor Lamp for Bedroom & Dining
════════════════════════════════════════════════════════════════════════
  Medusa ID:            prod_01KJJM32SR672W7477EDJ1WJZN
  CJ SKU:               CJSN1598382
  Markup:               100%
  Pricing strategy:     min (for multi-match CJ variants)
  Shared dimensions:    none
  CJ-only dimensions:   none
  Storefront variants:  6
  CJ variants:          4
  Matched:              6
  Unmatched:            0
  To update:            0
  Already correct:      6

  ── CJ Variant Tiers ──
    $39.77    → 
    $88.15    → 
    $26.72    → 
    $26.72    → 
  [168/803] Round Glass Wall Sconce - Modern Bedside Reading Light...
════════════════════════════════════════════════════════════════════════
  Round Glass Wall Sconce - Modern Bedside Reading Light
════════════════════════════════════════════════════════════════════════
  Medusa ID:            prod_01KJJM37G9WRKG572CWYX0TDWJ
  CJ SKU:               CJSN1519316
  Markup:               100%
  Pricing strategy:     min (for multi-match CJ variants)
  Shared dimensions:    finish
  CJ-only dimensions:   none
  Storefront variants:  4
  CJ variants:          2
  Matched:              4
  Unmatched:            0
  To update:            0
  Already correct:      4

  ── CJ Variant Tiers ──
    $30.32    → finish=gold
    $30.32    → finish=black
  [169/803] Minimalist Vertical Table Lamp for Modern Bedrooms...
════════════════════════════════════════════════════════════════════════
  Minimalist Vertical Table Lamp for Modern Bedrooms
════════════════════════════════════════════════════════════════════════
  Medusa ID:            prod_01KJJM3C117N770EEV5M4AT02Z
  CJ SKU:               CJSN1535355
  Markup:               100%
  Pricing strategy:     min (for multi-match CJ variants)
  Shared dimensions:    voltage
  CJ-only dimensions:   none
  Storefront variants:  8
  CJ variants:          9
  Matched:              0
  Unmatched:            8
  To update:            0
  Already correct:      0

  ── CJ Variant Tiers ──
    $45.83    → voltage=220
    $54.08    → voltage=220
    $62.32    → voltage=220
    $54.08    → voltage=220
    $62.32    → voltage=220
    $70.56    → voltage=220
    $70.56    → voltage=220
    $78.81    → voltage=220
    $97.93    → voltage=220

  ⚠ Unmatched Variants (8):
    Black / 21W / 240V — finish=black, wattage=21, voltage=240
    Black / 30W / 111V — finish=black, voltage=111, wattage=30
    A : black + black desktop / 21W / 111V — wattage=21, voltage=111, finish=a : black + black desktop
    A : black + black desktop / 21W / 240V — wattage=21, voltage=240, finish=a : black + black desktop
    A : black + black desktop / 30W / 111V — voltage=111, finish=a : black + black desktop, wattage=30
    A : black + black desktop / 30W / 240V — voltage=240, finish=a : black + black desktop, wattage=30
    Black / 21W / 111V — finish=black, wattage=21, voltage=111
    Black / 30W / 240V — finish=black, voltage=240, wattage=30
  [170/803] Modern LED Chandelier for Dining Room & Bedroom...
════════════════════════════════════════════════════════════════════════
  Modern LED Chandelier for Dining Room & Bedroom
════════════════════════════════════════════════════════════════════════
  Medusa ID:            prod_01KJJM3GVA0STJMVCN9SSMR5RS
  CJ SKU:               CJSN1595381
  Markup:               100%
  Pricing strategy:     min (for multi-match CJ variants)
  Shared dimensions:    none
  CJ-only dimensions:   heads, finish, lightType
  Storefront variants:  1
  CJ variants:          27
  Matched:              1
  Unmatched:            0
  To update:            0
  Already correct:      1

  ── CJ Variant Tiers ──
    $40.77    → heads=14, finish=black
    $40.77    → heads=14, finish=black, lightType=warm light
    $42.26    → heads=14, finish=black
    $63.75    → heads=18, finish=black
    $63.75    → heads=18, finish=black, lightType=warm light
    $71.16    → heads=18, finish=black
    $69.68    → heads=22, finish=black
    $69.68    → heads=22, finish=black, lightType=warm light
    $71.16    → heads=22, finish=black
    $64.64    → heads=18, finish=black
    $64.64    → heads=18, finish=black, lightType=warm light
    $66.12    → heads=18, finish=black
    $71.60    → heads=22, finish=black
    $71.60    → heads=22, finish=black, lightType=warm light
    $73.08    → heads=22, finish=black
    $40.77    → heads=14, finish=white
    $40.77    → heads=14, finish=white, lightType=warm light
    $42.26    → heads=14, finish=white
    $69.68    → heads=22, finish=white
    $69.68    → heads=22, finish=white, lightType=warm light
    $71.16    → heads=22, finish=white
    $64.64    → heads=18, finish=white
    $64.64    → heads=18, finish=white, lightType=warm light
    $66.12    → heads=18, finish=white
    $71.60    → heads=22, finish=white
    $71.60    → heads=22, finish=white, lightType=warm light
    $73.08    → heads=22, finish=white
  [171/803] Modern Tripod Desk Lamp - Minimalist Design...
════════════════════════════════════════════════════════════════════════
  Modern Tripod Desk Lamp - Minimalist Design
════════════════════════════════════════════════════════════════════════
  Medusa ID:            prod_01KJJM3P9607RPJCGRJTR11T4E
  CJ SKU:               CJSN1598375
  Markup:               100%
  Pricing strategy:     min (for multi-match CJ variants)
  Shared dimensions:    finish
  CJ-only dimensions:   lightType, voltage
  Storefront variants:  2
  CJ variants:          5
  Matched:              1
  Unmatched:            1
  To update:            0
  Already correct:      1

  ── CJ Variant Tiers ──
    $38.58    → lightType=warm light, voltage=220
    $38.58    → finish=white, voltage=220
    $69.00    → lightType=warm light, voltage=220
    $69.00    → finish=white, voltage=220
    $65.79    → finish=white, voltage=220

  ⚠ Unmatched Variants (1):
    Table lamp plating — finish=table lamp plating
  [172/803] Modern Chinese Inspired Designer Table Lamp...
════════════════════════════════════════════════════════════════════════
  Modern Chinese Inspired Designer Table Lamp
════════════════════════════════════════════════════════════════════════
  Medusa ID:            prod_01KJJM3TTSPYZ938EV6BMP70PJ
  CJ SKU:               CJSN1503169
  Markup:               100%
  Pricing strategy:     min (for multi-match CJ variants)
  Shared dimensions:    none
  CJ-only dimensions:   voltage
  Storefront variants:  1
  CJ variants:          1
  Matched:              1
  Unmatched:            0
  To update:            0
  Already correct:      1

  ── CJ Variant Tiers ──
    $43.44    → voltage=220
  [173/803] Nordic Minimalist Bedside Table Lamp...
════════════════════════════════════════════════════════════════════════
  Nordic Minimalist Bedside Table Lamp
════════════════════════════════════════════════════════════════════════
  Medusa ID:            prod_01KJJM3Z53SEDS8MPAVMMJ3812
  CJ SKU:               CJSN1535511
  Markup:               100%
  Pricing strategy:     min (for multi-match CJ variants)
  Shared dimensions:    none
  CJ-only dimensions:   finish, lightType
  Storefront variants:  3
  CJ variants:          3
  Matched:              3
  Unmatched:            0
  To update:            0
  Already correct:      3

  ── CJ Variant Tiers ──
    $42.86    → finish=bronze, lightType=3 color
    $50.68    → finish=white, lightType=3 color
    $68.59    → finish=bronze, lightType=3 color
  [174/803] Chinese Ceramic Art Table Lamp with Artistic Design...
════════════════════════════════════════════════════════════════════════
  Chinese Ceramic Art Table Lamp with Artistic Design
════════════════════════════════════════════════════════════════════════
  Medusa ID:            prod_01KJJM43QFBX7M9AADBEW6Q00Q
  CJ SKU:               CJSN1503171
  Markup:               100%
  Pricing strategy:     min (for multi-match CJ variants)
  Shared dimensions:    none
  CJ-only dimensions:   none
  Storefront variants:  1
  CJ variants:          4
  Matched:              1
  Unmatched:            0
  To update:            0
  Already correct:      1

  ── CJ Variant Tiers ──
    $42.59    → 
    $42.59    → 
    $42.59    → 
    $42.59    → 
  [175/803] Nordic Minimalist Bedside Table Lamp...
════════════════════════════════════════════════════════════════════════
  Nordic Minimalist Bedside Table Lamp
════════════════════════════════════════════════════════════════════════
  Medusa ID:            prod_01KJJM4801QXY83HS2092T7AVA
  CJ SKU:               CJSN1608290
  Markup:               100%
  Pricing strategy:     min (for multi-match CJ variants)
  Shared dimensions:    voltage
  CJ-only dimensions:   none
  Storefront variants:  8
  CJ variants:          24
  Matched:              0
  Unmatched:            8
  To update:            0
  Already correct:      0

  ── CJ Variant Tiers ──
    $34.90    → voltage=220
    $37.58    → voltage=220
    $37.58    → voltage=220
    $43.80    → voltage=220
    $38.47    → voltage=220
    $38.47    → voltage=220
    $38.47    → voltage=220
    $38.47    → voltage=220
    $38.47    → voltage=220
    $38.47    → voltage=220
    $38.47    → voltage=220
    $38.47    → voltage=220
    $42.38    → voltage=220
    $45.41    → voltage=220
    $42.38    → voltage=220
    $50.22    → voltage=220
    $47.72    → voltage=220
    $50.76    → voltage=220
    $47.72    → voltage=220
    $55.56    → voltage=220
    $47.72    → voltage=220
    $50.76    → voltage=220
    $47.72    → voltage=220
    $55.56    → voltage=220

  ⚠ Unmatched Variants (8):
    68cm / Black / 111V — finish=black, voltage=111, sizeCm=68
    68cm / Black / 240V — finish=black, sizeCm=68, voltage=240
    68cm / White / 111V — voltage=111, sizeCm=68, finish=white
    68cm / White / 240V — sizeCm=68, finish=white, voltage=240
    58cm / Black / 111V — finish=black, voltage=111, sizeCm=58
    58cm / Black / 240V — finish=black, sizeCm=58, voltage=240
    58cm / White / 111V — voltage=111, finish=white, sizeCm=58
    58cm / White / 240V — finish=white, sizeCm=58, voltage=240
  [176/803] Nordic Glass Globe Pendant Light - Macaron Colors...
════════════════════════════════════════════════════════════════════════
  Nordic Glass Globe Pendant Light - Macaron Colors
════════════════════════════════════════════════════════════════════════
  Medusa ID:            prod_01KJJM4D1DZZW3FASNZMJVJGCQ
  CJ SKU:               CJSN1495955
  Markup:               100%
  Pricing strategy:     min (for multi-match CJ variants)
  Shared dimensions:    lightType, finish
  CJ-only dimensions:   none
  Storefront variants:  16
  CJ variants:          18
  Matched:              0
  Unmatched:            16
  To update:            0
  Already correct:      0

  ── CJ Variant Tiers ──
    $37.48    → lightType=warm light
    $37.48    → finish=white
    $37.48    → lightType=neutral
    $37.48    → lightType=warm light
    $37.48    → finish=white
    $37.48    → lightType=neutral
    $37.48    → lightType=warm light
    $37.48    → finish=white
    $37.48    → lightType=neutral
    $37.48    → lightType=warm light
    $37.48    → finish=white
    $37.48    → lightType=neutral
    $37.48    → finish=white, lightType=warm light
    $37.48    → finish=white
    $37.48    → finish=white, lightType=neutral
    $37.48    → lightType=warm light
    $37.48    → finish=white
    $37.48    → lightType=neutral

  ⚠ Unmatched Variants (16):
    Pink / NEUTRAL LIGHT — finish=pink, lightType=neutral light
    Pink / PINK — finish=pink, lightType=pink
    Clear light / NEUTRAL LIGHT — finish=clear light, lightType=neutral light
    Clear light / PINK — finish=clear light, lightType=pink
    Blue / NEUTRAL LIGHT — finish=blue, lightType=neutral light
    Blue / PINK — finish=blue, lightType=pink
    Cognac / NEUTRAL LIGHT — finish=cognac, lightType=neutral light
    Cognac / PINK — finish=cognac, lightType=pink
    Milky white / NEUTRAL LIGHT — lightType=neutral light, finish=milky white
    Milky white / PINK — lightType=pink, finish=milky white
    ... and 6 more
  [177/803] Classical Bedside Table Lamp - Elegant Study Room Light...
════════════════════════════════════════════════════════════════════════
  Classical Bedside Table Lamp - Elegant Study Room Light
════════════════════════════════════════════════════════════════════════
  Medusa ID:            prod_01KJJM4J9CFEVC6VNZDM1KFYF6
  CJ SKU:               CJSN1104517
  Markup:               100%
  Pricing strategy:     min (for multi-match CJ variants)
  Shared dimensions:    none
  CJ-only dimensions:   none
  Storefront variants:  2
  CJ variants:          19
  Matched:              2
  Unmatched:            0
  To update:            0
  Already correct:      2

  ── CJ Variant Tiers ──
    $31.35    → 
    $31.35    → 
    $30.81    → 
    $29.57    → 
    $29.57    → 
    $30.81    → 
    $29.57    → 
    $34.53    → 
    $37.01    → 
    $35.77    → 
    $37.01    → 
    $34.53    → 
    $37.44    → 
    $48.18    → 
    $37.01    → 
    $37.01    → 
    $37.01    → 
    $34.53    → 
    $32.72    → 
  [178/803] UFO Wood Grain Table Lamp with Mushroom Shade...
════════════════════════════════════════════════════════════════════════
  UFO Wood Grain Table Lamp with Mushroom Shade
════════════════════════════════════════════════════════════════════════
  Medusa ID:            prod_01KJJM4PEC4WTXFJCHH39TGG7X
  CJ SKU:               CJSN1529276
  Markup:               100%
  Pricing strategy:     min (for multi-match CJ variants)
  Shared dimensions:    finish
  CJ-only dimensions:   none
  Storefront variants:  4
  CJ variants:          8
  Matched:              2
  Unmatched:            2
  To update:            0
  Already correct:      2

  ── CJ Variant Tiers ──
    $37.48    → finish=black
    $37.48    → finish=black
    $37.48    → finish=black
    $37.48    → finish=black
    $37.48    → 
    $37.48    → 
    $37.48    → 
    $37.48    → 

  ⚠ Unmatched Variants (2):
    35cm / Wood — finish=wood, sizeCm=35
    45cm / Wood — finish=wood, sizeCm=45
  [179/803] Modern Minimalist Solid Wood Table Lamp...
════════════════════════════════════════════════════════════════════════
  Modern Minimalist Solid Wood Table Lamp
════════════════════════════════════════════════════════════════════════
  Medusa ID:            prod_01KJJM4V96ER269HJ4AN1JVRC7
  CJ SKU:               CJSN1503062
  Markup:               100%
  Pricing strategy:     min (for multi-match CJ variants)
  Shared dimensions:    none
  CJ-only dimensions:   voltage
  Storefront variants:  2
  CJ variants:          2
  Matched:              2
  Unmatched:            0
  To update:            0
  Already correct:      2

  ── CJ Variant Tiers ──
    $37.48    → voltage=220
    $40.88    → voltage=220
  [180/803] Modern Minimalist Table Lamp for Living Room & Bedroom...
════════════════════════════════════════════════════════════════════════
  Modern Minimalist Table Lamp for Living Room & Bedroom
════════════════════════════════════════════════════════════════════════
  Medusa ID:            prod_01KJJM4ZPQ53PD27YC1QW99GSZ
  CJ SKU:               CJSN1608034
  Markup:               100%
  Pricing strategy:     min (for multi-match CJ variants)
  Shared dimensions:    none
  CJ-only dimensions:   none
  Storefront variants:  2
  CJ variants:          8
  Matched:              2
  Unmatched:            0
  To update:            0
  Already correct:      2

  ── CJ Variant Tiers ──
    $32.65    → 
    $32.65    → 
    $32.65    → 
    $32.65    → 
    $32.65    → 
    $32.65    → 
    $32.65    → 
    $32.65    → 
  [181/803] Modern Tripod Table Lamp with Wooden Legs...
════════════════════════════════════════════════════════════════════════
  Modern Tripod Table Lamp with Wooden Legs
════════════════════════════════════════════════════════════════════════
  Medusa ID:            prod_01KJJM549NXNBGC6S29X3MQ4QS
  CJ SKU:               CJSN1608077
  Markup:               100%
  Pricing strategy:     min (for multi-match CJ variants)
  Shared dimensions:    none
  CJ-only dimensions:   none
  Storefront variants:  2
  CJ variants:          8
  Matched:              2
  Unmatched:            0
  To update:            0
  Already correct:      2

  ── CJ Variant Tiers ──
    $32.65    → 
    $32.65    → 
    $32.65    → 
    $32.65    → 
    $43.04    → 
    $43.04    → 
    $43.04    → 
    $43.04    → 
  [182/803] Minimalist Bedroom Bedside Table Lamp...
════════════════════════════════════════════════════════════════════════
  Minimalist Bedroom Bedside Table Lamp
════════════════════════════════════════════════════════════════════════
  Medusa ID:            prod_01KJJM58R6QSC9JFZPF2HWZ8G4
  CJ SKU:               CJSN1593773
  Markup:               100%
  Pricing strategy:     min (for multi-match CJ variants)
  Shared dimensions:    finish
  CJ-only dimensions:   none
  Storefront variants:  5
  CJ variants:          17
  Matched:              2
  Unmatched:            3
  To update:            1
  Already correct:      1

  ── CJ Variant Tiers ──
    $43.93    → finish=black
    $43.93    → finish=black
    $43.93    → finish=black
    $43.93    → finish=black
    $48.37    → finish=black
    $48.37    → finish=black
    $48.37    → finish=black
    $48.37    → finish=black
    $52.83    → finish=gold
    $52.83    → finish=gold
    $52.83    → finish=gold
    $52.83    → finish=gold
    $55.80    → finish=gold
    $55.80    → finish=gold
    $55.80    → finish=gold
    $55.80    → finish=gold
    $119.45   → finish=gold

  ── Planned Price Changes (1) ──
  Title                                      Current    CJ Cost    New        Delta
  ─────────────────────────────────────────────────────────────────────────────────────
  Gold                                       $87.86     $52.83     $105.66    +$17.80

  ⚠ Unmatched Variants (3):
    Black+iron tea table — finish=black+iron tea table
    Black+marble tea table — finish=black+marble tea table
    Gold+iron tea table — finish=gold+iron tea table
  [183/803] Art Glass Linear Copper Chandelier for Dining...
════════════════════════════════════════════════════════════════════════
  Art Glass Linear Copper Chandelier for Dining
════════════════════════════════════════════════════════════════════════
  Medusa ID:            prod_01KJJM5DDB3G8982A00Q02DGZ1
  CJ SKU:               CJTH1536672
  Markup:               100%
  Pricing strategy:     min (for multi-match CJ variants)
  Shared dimensions:    finish
  CJ-only dimensions:   lightType
  Storefront variants:  2
  CJ variants:          2
  Matched:              1
  Unmatched:            1
  To update:            0
  Already correct:      1

  ── CJ Variant Tiers ──
    $52.76    → finish=copper, lightType=warm light
    $59.36    → finish=copper

  ⚠ Unmatched Variants (1):
    Elegant series — finish=elegant series
  [184/803] Nordic Arc Floor Lamp with Adjustable Reading Light...
════════════════════════════════════════════════════════════════════════
  Nordic Arc Floor Lamp with Adjustable Reading Light
════════════════════════════════════════════════════════════════════════
  Medusa ID:            prod_01KJJM5HR0Z5GGDEVJFRPF2C3V
  CJ SKU:               CJTH1598212
  Markup:               100%
  Pricing strategy:     min (for multi-match CJ variants)
  Shared dimensions:    none
  CJ-only dimensions:   finish, voltage
  Storefront variants:  1
  CJ variants:          1
  Matched:              1
  Unmatched:            0
  To update:            0
  Already correct:      1

  ── CJ Variant Tiers ──
    $48.97    → finish=black, voltage=220
  [185/803] Zen Rattan Woven Chandelier Light...
════════════════════════════════════════════════════════════════════════
  Zen Rattan Woven Chandelier Light
════════════════════════════════════════════════════════════════════════
  Medusa ID:            prod_01KJJM5NZP21W0XHVJW5MV5S7V
  CJ SKU:               CJSN1503580
  Markup:               100%
  Pricing strategy:     min (for multi-match CJ variants)
  Shared dimensions:    none
  CJ-only dimensions:   finish, sizeCm
  Storefront variants:  1
  CJ variants:          2
  Matched:              1
  Unmatched:            0
  To update:            0
  Already correct:      1

  ── CJ Variant Tiers ──
    $54.86    → finish=black, sizeCm=31
    $54.86    → sizeCm=31
  [186/803] Modern Glass Table Lamp for Bedroom & Living Room...
════════════════════════════════════════════════════════════════════════
  Modern Glass Table Lamp for Bedroom & Living Room
════════════════════════════════════════════════════════════════════════
  Medusa ID:            prod_01KJJM5TD5MQ93TXT6P2GAW8H4
  CJ SKU:               CJSN1608073
  Markup:               100%
  Pricing strategy:     min (for multi-match CJ variants)
  Shared dimensions:    none
  CJ-only dimensions:   finish
  Storefront variants:  1
  CJ variants:          4
  Matched:              1
  Unmatched:            0
  To update:            0
  Already correct:      1

  ── CJ Variant Tiers ──
    $51.93    → finish=gold
    $51.93    → finish=gold
    $51.93    → finish=gold
    $51.93    → finish=gold
  [187/803] Modern Aluminum Chain Tassel Wall Sconce...
════════════════════════════════════════════════════════════════════════
  Modern Aluminum Chain Tassel Wall Sconce
════════════════════════════════════════════════════════════════════════
  Medusa ID:            prod_01KJJM5YQ9A4J50VAYZKQP06DS
  CJ SKU:               CJSN1563719
  Markup:               100%
  Pricing strategy:     min (for multi-match CJ variants)
  Shared dimensions:    finish
  CJ-only dimensions:   sizeCm
  Storefront variants:  5
  CJ variants:          2
  Matched:              2
  Unmatched:            3
  To update:            1
  Already correct:      1

  ── CJ Variant Tiers ──
    $59.19    → finish=chrome, sizeCm=50
    $61.82    → finish=gold, sizeCm=50

  ── Planned Price Changes (1) ──
  Title                                      Current    CJ Cost    New        Delta
  ─────────────────────────────────────────────────────────────────────────────────────
  Gold                                       $118.38    $61.82     $123.64    +$5.26

  ⚠ Unmatched Variants (3):
    Width 28* height 50cm chrome — finish=width 28* height 50cm chrome
    Width 28* height 50cm gold — finish=width 28* height 50cm gold
    Width 70* height 50cm chrome — finish=width 70* height 50cm chrome
  [188/803] Nordic Minimalist Chandelier - Multi-Room Elegance...
════════════════════════════════════════════════════════════════════════
  Nordic Minimalist Chandelier - Multi-Room Elegance
════════════════════════════════════════════════════════════════════════
  Medusa ID:            prod_01KJJM636ZR0DCHPB1RKY96ZHN
  CJ SKU:               CJSN1542663
  Markup:               100%
  Pricing strategy:     min (for multi-match CJ variants)
  Shared dimensions:    none
  CJ-only dimensions:   none
  Storefront variants:  1
  CJ variants:          2
  Matched:              1
  Unmatched:            0
  To update:            0
  Already correct:      1

  ── CJ Variant Tiers ──
    $65.62    → 
    $65.62    → 
  [189/803] Solar Waterproof Lawn Light - Modern Outdoor Fixture...
════════════════════════════════════════════════════════════════════════
  Solar Waterproof Lawn Light - Modern Outdoor Fixture
════════════════════════════════════════════════════════════════════════
  Medusa ID:            prod_01KJJM67DESFG5P0N3NGA2JYZ0
  CJ SKU:               CJTH1501937
  Markup:               100%
  Pricing strategy:     min (for multi-match CJ variants)
  Shared dimensions:    none
  CJ-only dimensions:   none
  Storefront variants:  1
  CJ variants:          2
  Matched:              1
  Unmatched:            0
  To update:            0
  Already correct:      1

  ── CJ Variant Tiers ──
    $78.59    → 
    $106.09   → 
  [190/803] Handmade Bamboo Table Lamp - Natural Pastoral Design...
════════════════════════════════════════════════════════════════════════
  Handmade Bamboo Table Lamp - Natural Pastoral Design
════════════════════════════════════════════════════════════════════════
  Medusa ID:            prod_01KJJM6BWJ9M1XYJ6EDNG5BZ1R
  CJ SKU:               CJSN1565995
  Markup:               100%
  Pricing strategy:     min (for multi-match CJ variants)
  Shared dimensions:    sizeCm
  CJ-only dimensions:   lightType
  Storefront variants:  6
  CJ variants:          3
  Matched:              6
  Unmatched:            0
  To update:            4
  Already correct:      2

  ── CJ Variant Tiers ──
    $67.97    → lightType=warm light, sizeCm=60
    $109.85   → lightType=warm light, sizeCm=80
    $159.93   → lightType=warm light, sizeCm=100

  ── Planned Price Changes (4) ──
  Title                                      Current    CJ Cost    New        Delta
  ─────────────────────────────────────────────────────────────────────────────────────
  80cm / Diameter 80cm-warm light            $135.94    $109.85    $219.70    +$83.76
  80cm / Diameter 60cm-warm light            $135.94    $109.85    $219.70    +$83.76
  100cm / Diameter 80cm-warm light           $135.94    $159.93    $319.86    +$183.92
  100cm / Diameter 60cm-warm light           $135.94    $159.93    $319.86    +$183.92
  [191/803] Modern Crystal Table Lamp with Elegant Base Design...